DROP SCHEMA IF EXISTS `EuroDB`;
CREATE SCHEMA `EuroDB`;
USE `EuroDB`;

-- MySQL dump 10.13  Distrib 8.0.25, for Win64 (x86_64)
--
-- Host: localhost    Database: eurodb
-- ------------------------------------------------------
-- Server version	8.0.27

/*!40101 SET @OLD_CHARACTER_SET_CLIENT=@@CHARACTER_SET_CLIENT */;
/*!40101 SET @OLD_CHARACTER_SET_RESULTS=@@CHARACTER_SET_RESULTS */;
/*!40101 SET @OLD_COLLATION_CONNECTION=@@COLLATION_CONNECTION */;
/*!50503 SET NAMES utf8 */;
/*!40103 SET @OLD_TIME_ZONE=@@TIME_ZONE */;
/*!40103 SET TIME_ZONE='+00:00' */;
/*!40014 SET @OLD_UNIQUE_CHECKS=@@UNIQUE_CHECKS, UNIQUE_CHECKS=0 */;
/*!40014 SET @OLD_FOREIGN_KEY_CHECKS=@@FOREIGN_KEY_CHECKS, FOREIGN_KEY_CHECKS=0 */;
/*!40101 SET @OLD_SQL_MODE=@@SQL_MODE, SQL_MODE='NO_AUTO_VALUE_ON_ZERO' */;
/*!40111 SET @OLD_SQL_NOTES=@@SQL_NOTES, SQL_NOTES=0 */;

--
-- Temporary view structure for view `alltime_mostwins_view`
--

DROP TABLE IF EXISTS `alltime_mostwins_view`;
/*!50001 DROP VIEW IF EXISTS `alltime_mostwins_view`*/;
SET @saved_cs_client     = @@character_set_client;
/*!50503 SET character_set_client = utf8mb4 */;
/*!50001 CREATE VIEW `alltime_mostwins_view` AS SELECT 
 1 AS `year`,
 1 AS `country`,
 1 AS `track_name`,
 1 AS `wins`*/;
SET character_set_client = @saved_cs_client;

--
-- Temporary view structure for view `alltime_top10tracks_view`
--

DROP TABLE IF EXISTS `alltime_top10tracks_view`;
/*!50001 DROP VIEW IF EXISTS `alltime_top10tracks_view`*/;
SET @saved_cs_client     = @@character_set_client;
/*!50503 SET character_set_client = utf8mb4 */;
/*!50001 CREATE VIEW `alltime_top10tracks_view` AS SELECT 
 1 AS `year`,
 1 AS `country`,
 1 AS `track`,
 1 AS `performer`,
 1 AS `points`*/;
SET character_set_client = @saved_cs_client;

--
-- Table structure for table `cct`
--

DROP TABLE IF EXISTS `cct`;
/*!40101 SET @saved_cs_client     = @@character_set_client */;
/*!50503 SET character_set_client = utf8mb4 */;
CREATE TABLE `cct` (
  `year` int unsigned NOT NULL,
  `country_name` varchar(45) NOT NULL,
  `track_name` varchar(45) NOT NULL,
  `place` int DEFAULT NULL,
  `points` int DEFAULT NULL,
  PRIMARY KEY (`year`,`country_name`,`track_name`),
  KEY `fk_Contest_has_Country_Country1_idx` (`country_name`),
  KEY `fk_Contest_has_Country_Contest1_idx` (`year`),
  KEY `fk_Contest_has_Country_Track1_idx` (`track_name`),
  CONSTRAINT `fk_Contest_has_Country_Contest1` FOREIGN KEY (`year`) REFERENCES `contest` (`year`),
  CONSTRAINT `fk_Contest_has_Country_Country1` FOREIGN KEY (`country_name`) REFERENCES `country` (`country_name`),
  CONSTRAINT `fk_Contest_has_Country_Track1` FOREIGN KEY (`track_name`) REFERENCES `track` (`track_name`)
) ENGINE=InnoDB DEFAULT CHARSET=utf8mb3;
/*!40101 SET character_set_client = @saved_cs_client */;

--
-- Dumping data for table `cct`
--

LOCK TABLES `cct` WRITE;
/*!40000 ALTER TABLE `cct` DISABLE KEYS */;
INSERT INTO `cct` VALUES (2012,'Andorra','She Knows I Go Crazy',NULL,NULL),(2012,'Australia','He Hopes I\'m Ridin\'',NULL,NULL),(2012,'Austria','He Knows I\'m Makin\' Money',NULL,NULL),(2012,'Azerbaijan','She Heard She Did It',NULL,NULL),(2012,'Belarus','She Heard She\'s Trouble',NULL,NULL),(2012,'Bulgaria','She Knows She\'s Crazy',NULL,NULL),(2012,'Croatia','You\'re A Thug',NULL,NULL),(2012,'Denmark','She Made Her Choice',NULL,NULL),(2012,'Estonia','I Know',NULL,NULL),(2012,'Finland','She Thinks He\'s Guilty',NULL,NULL),(2012,'Georgia','He Thinks I\'m Innocent',NULL,NULL),(2012,'Greece','He Hates I\'m Ridin\'',NULL,NULL),(2012,'Iceland','I Know He\'s Guilty',NULL,NULL),(2012,'Latvia','I Think She\'s Been Played',NULL,NULL),(2012,'Luxembourg','I Heard I Got It Easy',NULL,NULL),(2012,'Malta','He Won\'t Stop',NULL,NULL),(2012,'Moldova','He\'s Going To Make It',NULL,NULL),(2012,'Montenegro','I Hate She Won\'t Stop',NULL,NULL),(2012,'Norway','He Said I\'m Streetwise',NULL,NULL),(2012,'Russia','She\'s A Gold Digger',NULL,NULL),(2012,'Serbia','I Heard She Did It Like That',NULL,NULL),(2012,'Slovakia ','She Heard I Got Away With It',NULL,NULL),(2012,'Sweden','She Hopes I\'m Getting Outta Here',NULL,NULL),(2012,'Turkey','He Hates I Got Away With It',NULL,NULL),(2012,'Ukraine','I Hope She Made Her Choice',NULL,NULL),(2013,'Armenia','Honey',NULL,NULL),(2013,'Australia','She Said He\'s Innocent',NULL,NULL),(2013,'Austria','It\'s Yours',NULL,NULL),(2013,'Azerbaijan','Honey',NULL,NULL),(2013,'Belarus','Stay Outta My Way',NULL,NULL),(2013,'Bulgaria','Baby',NULL,NULL),(2013,'Finland','Babe',NULL,NULL),(2013,'France','She Thinks You\'re Trouble',NULL,NULL),(2013,'Georgia','Let\'s Go Wild',NULL,NULL),(2013,'Greece','The World Is Ours',NULL,NULL),(2013,'Iceland','Babe',NULL,NULL),(2013,'Italy','Baby',NULL,NULL),(2013,'Latvia','It Takes Two',NULL,NULL),(2013,'Lithuania','Stay Outta My Way',NULL,NULL),(2013,'Luxembourg','Honey',NULL,NULL),(2013,'Malta','What\'s Up?',NULL,NULL),(2013,'Norway','You\'re A Gold Digger',NULL,NULL),(2013,'Portugal','Sweet Dreams Tonight',NULL,NULL),(2013,'San Marino','What Do You Know',NULL,NULL),(2013,'Slovenia','I Heard He Did It Like That',NULL,NULL),(2013,'Spain','You Need To Chill',NULL,NULL),(2013,'Switzerland','Hypnotize Me',NULL,NULL),(2013,'Ukraine','What\'s The Time?',NULL,NULL),(2013,'United Kingdom','Let\'s Go',NULL,NULL),(2013,'Yugoslavia','Baby',NULL,NULL),(2014,'Andorra','Let\'s Go Wild',NULL,NULL),(2014,'Bosnia and Herzegovina','Let\'s Ride',NULL,NULL),(2014,'Bulgaria','I\'m Losing Control',NULL,NULL),(2014,'Czech Republic','Honey',NULL,NULL),(2014,'Estonia','Babe',NULL,NULL),(2014,'France','Do Your Own Thang',NULL,NULL),(2014,'Germany','Life\'s Short',NULL,NULL),(2014,'Hungary','Baby',NULL,NULL),(2014,'Iceland','Babe',NULL,NULL),(2014,'Italy','One More Time',NULL,NULL),(2014,'Latvia','I Got It',NULL,NULL),(2014,'Luxembourg','Baby',NULL,NULL),(2014,'Malta','Baby',NULL,NULL),(2014,'Netherlands','I Love That Cha-Ching Sound',NULL,NULL),(2014,'North Macedonia','Go Crazy',NULL,NULL),(2014,'Norway','One More Time',NULL,NULL),(2014,'Romania','Let\'s Talk About It',NULL,NULL),(2014,'Russia','Sweet Dreams Tonight',NULL,NULL),(2014,'San Marino','Stop Playing Tricks',NULL,NULL),(2014,'Serbia','I\'m A Gangsta',NULL,NULL),(2014,'Slovakia ','I Used To Love You',NULL,NULL),(2014,'Switzerland','Babe',NULL,NULL),(2014,'Turkey','Honey',NULL,NULL),(2014,'Ukraine','Baby',NULL,NULL),(2014,'United Kingdom','Honey',NULL,NULL),(2015,'Armenia','Baby',NULL,NULL),(2015,'Austria','Babe',NULL,NULL),(2015,'Belarus',' Sweet Dreams Tonight',NULL,NULL),(2015,'Bosnia and Herzegovina','Honey',NULL,NULL),(2015,'Bulgaria','Babe',NULL,NULL),(2015,'Cyprus','It\'s Like This',NULL,NULL),(2015,'France',' I Like The Way You Move',NULL,NULL),(2015,'Greece','Life\'s Short',NULL,NULL),(2015,'Hungary','Babe',NULL,NULL),(2015,'Iceland','Baby',NULL,NULL),(2015,'Israel','The World Is Ours',NULL,NULL),(2015,'Italy','Babe',NULL,NULL),(2015,'Latvia','Drop It',NULL,NULL),(2015,'Lithuania',' Dream On',NULL,NULL),(2015,'Monaco',' Enjoy The Show',NULL,NULL),(2015,'Montenegro','Bust Some Moves',NULL,NULL),(2015,'Netherlands',' This\'ll Make You Sweat',NULL,NULL),(2015,'North Macedonia','Bring It On',NULL,NULL),(2015,'Romania','Let\'s Talk About It',NULL,NULL),(2015,'Russia','Life\'s Short',NULL,NULL),(2015,'Serbia','Honey',NULL,NULL),(2015,'Slovenia','Babe',NULL,NULL),(2015,'Spain','What\'s Up?',NULL,NULL),(2015,'Switzerland','Stay Outta My Way',NULL,NULL),(2015,'Ukraine','Babe',NULL,NULL),(2016,'Armenia','Endless And Love',NULL,NULL),(2016,'Bosnia and Herzegovina','Dirty And Heaven',NULL,NULL),(2016,'Czech Republic','Brave And Love',NULL,NULL),(2016,'Denmark','What Do You Know',NULL,NULL),(2016,'Estonia','Rapper\'s And Miracles',NULL,NULL),(2016,'Finland','Hip Hop And Future',NULL,NULL),(2016,'Germany','Best And Moves',NULL,NULL),(2016,'Greece','Babe',NULL,NULL),(2016,'Ireland','Cool And Mic',NULL,NULL),(2016,'Italy','Dirty And Secrets',NULL,NULL),(2016,'Latvia','Dirty And Nightmare',NULL,NULL),(2016,'Lithuania','Enjoy The Silence',NULL,NULL),(2016,'Moldova','Young And Game',NULL,NULL),(2016,'Montenegro','Midnight And Vibes',NULL,NULL),(2016,'Netherlands','Young And Angel',NULL,NULL),(2016,'North Macedonia','Dangerous And Mind',NULL,NULL),(2016,'Norway','Babe',NULL,NULL),(2016,'Poland','Honey',NULL,NULL),(2016,'Romania','Rapper\'s And History',NULL,NULL),(2016,'Russia','Warned And Paradise',NULL,NULL),(2016,'Spain','Dear And Music',NULL,NULL),(2016,'Sweden','Brave And Lyrics',NULL,NULL),(2016,'Switzerland','Nightlife And History',NULL,NULL),(2016,'Ukraine','The Heartbeat Stops',NULL,NULL),(2016,'Yugoslavia','Rebel And Syndrome',NULL,NULL),(2017,'Albania','One More And Angel',NULL,NULL),(2017,'Australia','Hip Hop And Control',NULL,NULL),(2017,'Austria','Running And Lyrics',NULL,NULL),(2017,'Azerbaijan','No And Music',NULL,NULL),(2017,'Croatia','Altered And Music',NULL,NULL),(2017,'Estonia','Stormy And Promises',NULL,NULL),(2017,'France','Broken And Choice',NULL,NULL),(2017,'Germany','Midnight And Rhymes',NULL,NULL),(2017,'Latvia','Wild And Beats',NULL,NULL),(2017,'Lithuania','Rebel And Cash',NULL,NULL),(2017,'Luxembourg','Young And Soul',NULL,NULL),(2017,'Malta','Smooth And Resurrection',NULL,NULL),(2017,'Moldova','Young And Mic',NULL,NULL),(2017,'Monaco','Nightlife And',NULL,NULL),(2017,'Poland','Cool And Mind',NULL,NULL),(2017,'Portugal','Beat And Money',NULL,NULL),(2017,'Russia','Crazy And Vibrations',NULL,NULL),(2017,'San Marino','Dangerous And Money',NULL,NULL),(2017,'Serbia','Freedom And Syndrome',NULL,NULL),(2017,'Slovakia ','Rapper\'s And Choice',NULL,NULL),(2017,'Slovenia','Running And History',NULL,NULL),(2017,'Spain','Risky And Resurrection',NULL,NULL),(2017,'Switzerland','Endless And Danger',NULL,NULL),(2017,'Ukraine','No And Soul',NULL,NULL),(2017,'Yugoslavia',' And Angel',NULL,NULL),(2018,'Albania','Wait For That Voice',NULL,NULL),(2018,'Australia','I Need My Heart',NULL,NULL),(2018,'Azerbaijan','Wanted And Games',NULL,NULL),(2018,'Belgium','Trapped By Her Love',NULL,NULL),(2018,'Cyprus','Drivin\' Your Cash',NULL,NULL),(2018,'Estonia','Love For My Rhythm',NULL,NULL),(2018,'France','Forgot Your Lady',NULL,NULL),(2018,'Germany','Beats Of That Own Thang',NULL,NULL),(2018,'Iceland','Lost And Choices',NULL,NULL),(2018,'Ireland','Forgot My Ride',NULL,NULL),(2018,'Latvia','Soul Of That Hood',NULL,NULL),(2018,'Lithuania','Lost And Pain',NULL,NULL),(2018,'Luxembourg','Voices Of His Dreams',NULL,NULL),(2018,'Moldova','Need My Way',NULL,NULL),(2018,'Monaco','Cash For Her Cadillac',NULL,NULL),(2018,'Montenegro','Bring On Your Money',NULL,NULL),(2018,'Netherlands','Bring On That Streets',NULL,NULL),(2018,'Norway','Whisper Her Own Thang',NULL,NULL),(2018,'Portugal','Dirty And Danger',NULL,NULL),(2018,'Russia','Forgot My Time',NULL,NULL),(2018,'Serbia','Wait For My Cash',NULL,NULL),(2018,'Slovakia ','Heart Of Soul',NULL,NULL),(2018,'Sweden','Gangs Of My Game',NULL,NULL),(2018,'Turkey','Loved By That Broken Dreams',NULL,NULL),(2018,'Yugoslavia','Violence Of Her Pain',NULL,NULL),(2019,'Albania','Dream Her Best Friend',NULL,NULL),(2019,'Andorra','Paradise Of My Own',NULL,NULL),(2019,'Belgium','I Love That Lady',NULL,NULL),(2019,'Czech Republic','Loved By My Rhimes',NULL,NULL),(2019,'Denmark','There Goes His Thunder',NULL,NULL),(2019,'Estonia','Beats Of My Lyrics',NULL,NULL),(2019,'France','Soul Of Your Streets',NULL,NULL),(2019,'Georgia','Talk About Her Hood',NULL,NULL),(2019,'Germany','With My Tomorrow',NULL,NULL),(2019,'Greece','Cash For Streets',NULL,NULL),(2019,'Iceland','Whisper Her Song',NULL,NULL),(2019,'Ireland','Without My Baby',NULL,NULL),(2019,'Israel','Without My Voice',NULL,NULL),(2019,'Latvia','Belong To His Own',NULL,NULL),(2019,'Lithuania','Your',NULL,NULL),(2019,'Luxembourg','Crossroads Of Your Fire',NULL,NULL),(2019,'Malta','Mad For Your Temptations',NULL,NULL),(2019,'Montenegro','Remember His Mind',NULL,NULL),(2019,'Netherlands','Paradise Of Your Baby',NULL,NULL),(2019,'North Macedonia','Mad For Your Tomorrow',NULL,NULL),(2019,'Portugal','Remember My Own',NULL,NULL),(2019,'San Marino','Time For My Voice',NULL,NULL),(2019,'Slovenia','I Love That Thunder',NULL,NULL),(2019,'Spain','Forget Rhythm',NULL,NULL),(2019,'Switzerland','Crazy Of His Life',NULL,NULL),(2020,'Albania','All For That Cash',NULL,NULL),(2020,'Austria','Minute Of Me',NULL,NULL),(2020,'Azerbaijan','Soul Of The Noise',NULL,NULL),(2020,'Belarus','Crazy Of The Noise',NULL,NULL),(2020,'Bosnia and Herzegovina','Ghetto Of The Good Life',NULL,NULL),(2020,'Bulgaria','Triumph Of A Broken Heart',NULL,NULL),(2020,'Croatia','Dead Of Monsters',NULL,NULL),(2020,'Cyprus','Soul Of His Rhythm',NULL,NULL),(2020,'Georgia','End For Two',NULL,NULL),(2020,'Germany','Player Of Heaven',NULL,NULL),(2020,'Israel','Heart For A Rainy Day',NULL,NULL),(2020,'Italy','New Kind For Love',NULL,NULL),(2020,'Lithuania','Things For Myself',NULL,NULL),(2020,'Malta','Dead Of The Good Life',NULL,NULL),(2020,'Moldova','Jungle Of Hell',NULL,NULL),(2020,'Monaco','Dream My Fire',NULL,NULL),(2020,'North Macedonia','Love Of Fire',NULL,NULL),(2020,'Portugal','Hate Of Nightmares',NULL,NULL),(2020,'Romania','Piece Of The Storm',NULL,NULL),(2020,'Russia','End For That Cash',NULL,NULL),(2020,'San Marino','Time Of Heaven',NULL,NULL),(2020,'Slovenia','Sound Of A Stranger',NULL,NULL),(2020,'Sweden','Jams For Two',NULL,NULL),(2020,'Switzerland','End',NULL,NULL),(2020,'Ukraine','Out Of A New Day',NULL,NULL),(2021,'Albania','Thoughts Of Money',NULL,NULL),(2021,'Armenia','Thrill Of Thunder',NULL,NULL),(2021,'Australia','Fight Of A New Day',NULL,NULL),(2021,'Austria','Crazy Of The Edge',NULL,NULL),(2021,'Belgium','Hell',NULL,NULL),(2021,'Bosnia and Herzegovina','Club For The Good Times',NULL,NULL),(2021,'Bulgaria','Luck Of The Hard Life',NULL,NULL),(2021,'Croatia','Power For The Bills',NULL,NULL),(2021,'Cyprus','Hell For An Angel',NULL,NULL),(2021,'Czech Republic','Song Of Infinity',NULL,NULL),(2021,'Finland','Night Of Dreams',NULL,NULL),(2021,'Georgia','Live For Myself',NULL,NULL),(2021,'Israel','A Thing Of The Good Life',NULL,NULL),(2021,'Italy','Night Of A Stranger',NULL,NULL),(2021,'Latvia','Because',NULL,NULL),(2021,'Malta','Rhythm Of Silence',NULL,NULL),(2021,'Moldova','Memories Of Silence',NULL,NULL),(2021,'Netherlands','Drive For Love',NULL,NULL),(2021,'Poland','Fight Of Anything',NULL,NULL),(2021,'Portugal','Lines Of A Chance',NULL,NULL),(2021,'Romania','Speak Of The World',NULL,NULL),(2021,'Russia','Mystery Of A Woman',NULL,NULL),(2021,'Serbia','A Thing Of Time',NULL,NULL),(2021,'Turkey','Memories For A Chance',NULL,NULL),(2021,'Yugoslavia','Jump Of Everything',NULL,NULL);
/*!40000 ALTER TABLE `cct` ENABLE KEYS */;
UNLOCK TABLES;

--
-- Table structure for table `contest`
--

DROP TABLE IF EXISTS `contest`;
/*!40101 SET @saved_cs_client     = @@character_set_client */;
/*!50503 SET character_set_client = utf8mb4 */;
CREATE TABLE `contest` (
  `year` int unsigned NOT NULL,
  `org_country` varchar(45) DEFAULT NULL,
  `tv_viewing` int unsigned DEFAULT NULL,
  `winner` varchar(45) DEFAULT NULL,
  `num_of_contestants` int DEFAULT NULL,
  PRIMARY KEY (`year`)
) ENGINE=InnoDB DEFAULT CHARSET=utf8mb3;
/*!40101 SET character_set_client = @saved_cs_client */;

--
-- Dumping data for table `contest`
--

LOCK TABLES `contest` WRITE;
/*!40000 ALTER TABLE `contest` DISABLE KEYS */;
INSERT INTO `contest` VALUES (2006,'Greece',9856712,NULL,NULL),(2012,'Germany',156893008,NULL,NULL),(2013,'Romania',120790664,NULL,NULL),(2014,'Albania',125222339,NULL,NULL),(2015,'Israel',146411969,NULL,NULL),(2016,'San Marino',134448605,NULL,NULL),(2017,'Georgia',128588899,NULL,NULL),(2018,'Australia',156356871,NULL,NULL),(2019,'Malta',106090197,NULL,NULL),(2020,'Poland',129640073,NULL,NULL),(2021,'Greece',127153722,NULL,NULL);
/*!40000 ALTER TABLE `contest` ENABLE KEYS */;
UNLOCK TABLES;

--
-- Table structure for table `contest_has_juror`
--

DROP TABLE IF EXISTS `contest_has_juror`;
/*!40101 SET @saved_cs_client     = @@character_set_client */;
/*!50503 SET character_set_client = utf8mb4 */;
CREATE TABLE `contest_has_juror` (
  `Contest_year` int unsigned NOT NULL,
  `Juror_juror_id` int NOT NULL,
  KEY `fk_Contest_has_Juror_Contest1_idx` (`Contest_year`),
  KEY `fk_Contest_has_Juror_Juror1_idx` (`Juror_juror_id`),
  CONSTRAINT `fk_Contest_has_Juror_Contest1` FOREIGN KEY (`Contest_year`) REFERENCES `contest` (`year`),
  CONSTRAINT `fk_Contest_has_Juror_Juror1` FOREIGN KEY (`Juror_juror_id`) REFERENCES `juror` (`juror_id`)
) ENGINE=InnoDB DEFAULT CHARSET=utf8mb3;
/*!40101 SET character_set_client = @saved_cs_client */;

--
-- Dumping data for table `contest_has_juror`
--

LOCK TABLES `contest_has_juror` WRITE;
/*!40000 ALTER TABLE `contest_has_juror` DISABLE KEYS */;
INSERT INTO `contest_has_juror` VALUES (2021,5),(2021,10),(2021,6),(2021,11),(2021,9),(2021,30),(2021,26),(2021,18),(2021,27),(2021,25),(2021,44),(2021,37),(2021,41),(2021,40),(2021,31),(2021,53),(2021,55),(2021,54),(2021,59),(2021,49),(2021,68),(2021,67),(2021,71),(2021,72),(2021,66),(2021,80),(2021,76),(2021,79),(2021,83),(2021,85),(2021,10),(2021,94),(2021,92),(2021,96),(2021,95),(2021,106),(2021,112),(2021,113),(2021,110),(2021,117),(2021,132),(2021,133),(2021,126),(2021,131),(2021,122),(2021,142),(2021,138),(2021,143),(2021,144),(2021,139),(2021,158),(2021,161),(2021,160),(2021,165),(2021,153),(2021,176),(2021,167),(2021,173),(2021,170),(2021,177),(2021,190),(2021,182),(2021,193),(2021,181),(2021,188),(2021,196),(2021,199),(2021,204),(2021,200),(2021,210),(2021,225),(2021,215),(2021,217),(2021,211),(2021,223),(2021,226),(2021,235),(2021,227),(2021,238),(2021,232),(2021,245),(2021,251),(2021,253),(2021,247),(2021,254),(2021,268),(2021,260),(2021,269),(2021,259),(2021,263),(2021,272),(2021,273),(2021,279),(2021,281),(2021,278),(2021,299),(2021,287),(2021,290),(2021,293),(2021,294),(2021,305),(2021,313),(2021,314),(2021,309),(2021,310),(2021,328),(2021,317),(2021,321),(2021,329),(2021,323),(2021,339),(2021,337),(2021,335),(2021,340),(2021,334),(2021,346),(2021,359),(2021,360),(2021,354),(2021,358),(2021,364),(2021,366),(2021,373),(2021,362),(2021,368),(2021,388),(2021,383),(2021,378),(2021,376),(2021,379),(2021,391),(2021,402),(2021,392),(2021,401),(2021,395),(2021,413),(2021,412),(2021,416),(2021,407),(2021,414),(2021,422),(2021,430),(2021,429),(2021,427),(2021,426),(2021,450),(2021,438),(2021,448),(2021,443),(2021,439),(2021,463),(2021,462),(2021,452),(2021,461),(2021,457),(2021,480),(2021,474),(2021,477),(2021,473),(2021,479),(2021,493),(2021,488),(2021,482),(2021,481),(2021,486),(2021,506),(2021,507),(2021,496),(2021,505),(2021,504),(2021,520),(2021,519),(2021,521),(2021,514),(2021,513),(2021,528),(2021,537),(2021,538),(2021,526),(2021,535),(2021,546),(2021,543),(2021,541),(2021,552),(2021,549),(2021,566),(2021,567),(2021,568),(2021,570),(2021,560),(2021,575),(2021,572),(2021,580),(2021,584),(2021,573),(2021,593),(2021,594),(2021,588),(2021,586),(2021,587),(2021,612),(2021,607),(2021,610),(2021,603),(2021,609),(2021,628),(2021,624),(2021,626),(2021,623),(2021,617),(2021,641),(2021,634),(2021,637),(2021,635),(2021,632),(2021,655),(2021,650),(2021,657),(2021,649),(2021,651),(2021,669),(2021,674),(2021,664),(2021,665),(2021,672),(2021,681),(2021,690),(2021,676),(2021,686),(2021,677),(2021,698),(2021,700),(2021,702),(2021,703),(2021,704),(2021,709),(2021,708),(2021,707),(2021,719),(2021,714),(2021,734),(2021,729),(2021,725),(2021,724),(2021,726),(2021,737),(2021,742),(2021,743),(2021,746),(2021,738),(2020,10),(2020,5),(2020,4),(2020,2),(2020,7),(2020,23),(2020,29),(2020,24),(2020,16),(2020,25),(2020,39),(2020,34),(2020,38),(2020,32),(2020,41),(2020,54),(2020,51),(2020,50),(2020,60),(2020,49),(2020,71),(2020,70),(2020,63),(2020,64),(2020,72),(2020,88),(2020,77),(2020,81),(2020,84),(2020,99),(2020,97),(2020,92),(2020,93),(2020,101),(2020,108),(2020,119),(2020,106),(2020,120),(2020,109),(2020,126),(2020,130),(2020,121),(2020,131),(2020,125),(2020,143),(2020,138),(2020,136),(2020,150),(2020,149),(2020,165),(2020,156),(2020,153),(2020,158),(2020,157),(2020,180),(2020,178),(2020,166),(2020,170),(2020,168),(2020,187),(2020,188),(2020,189),(2020,186),(2020,182),(2020,202),(2020,207),(2020,204),(2020,199),(2020,208),(2020,212),(2020,214),(2020,225),(2020,221),(2020,215),(2020,232),(2020,234),(2020,235),(2020,230),(2020,226),(2020,248),(2020,246),(2020,250),(2020,245),(2020,242),(2020,267),(2020,257),(2020,259),(2020,256),(2020,265),(2020,280),(2020,282),(2020,284),(2020,271),(2020,276),(2020,296),(2020,288),(2020,298),(2020,286),(2020,289),(2020,313),(2020,315),(2020,301),(2020,310),(2020,306),(2020,323),(2020,319),(2020,318),(2020,322),(2020,326),(2020,334),(2020,337),(2020,332),(2020,333),(2020,344),(2020,353),(2020,357),(2020,354),(2020,350),(2020,359),(2020,364),(2020,370),(2020,368),(2020,365),(2020,371),(2020,382),(2020,377),(2020,378),(2020,387),(2020,379),(2020,405),(2020,392),(2020,395),(2020,391),(2020,394),(2020,412),(2020,415),(2020,420),(2020,409),(2020,416),(2020,424),(2020,422),(2020,430),(2020,421),(2020,431),(2020,439),(2020,449),(2020,446),(2020,450),(2020,436),(2020,457),(2020,453),(2020,461),(2020,463),(2020,452),(2020,474),(2020,476),(2020,470),(2020,473),(2020,479),(2020,489),(2020,495),(2020,484),(2020,481),(2020,482),(2020,501),(2020,506),(2020,509),(2020,505),(2020,508),(2020,512),(2020,516),(2020,517),(2020,520),(2020,515),(2020,531),(2020,527),(2020,536),(2020,530),(2020,535),(2020,541),(2020,547),(2020,550),(2020,542),(2020,546),(2020,570),(2020,566),(2020,568),(2020,562),(2020,560),(2020,573),(2020,576),(2020,581),(2020,582),(2020,577),(2020,591),(2020,594),(2020,598),(2020,590),(2020,589),(2020,615),(2020,601),(2020,603),(2020,614),(2020,612),(2020,617),(2020,622),(2020,624),(2020,619),(2020,628),(2020,636),(2020,642),(2020,632),(2020,645),(2020,638),(2020,656),(2020,646),(2020,651),(2020,660),(2020,655),(2020,661),(2020,667),(2020,674),(2020,668),(2020,664),(2020,685),(2020,689),(2020,687),(2020,680),(2020,678),(2020,703),(2020,691),(2020,699),(2020,702),(2020,701),(2020,712),(2020,718),(2020,711),(2020,715),(2020,706),(2020,729),(2020,734),(2020,726),(2020,735),(2020,728),(2020,738),(2020,736),(2020,748),(2020,743),(2020,740),(2019,8),(2019,12),(2019,2),(2019,5),(2019,15),(2019,23),(2019,28),(2019,25),(2019,21),(2019,19),(2019,45),(2019,34),(2019,36),(2019,38),(2019,31),(2019,59),(2019,54),(2019,47),(2019,55),(2019,50),(2019,65),(2019,70),(2019,63),(2019,69),(2019,73),(2019,86),(2019,79),(2019,81),(2019,82),(2019,96),(2019,92),(2019,98),(2019,99),(2019,93),(2019,106),(2019,108),(2019,115),(2019,112),(2019,117),(2019,125),(2019,133),(2019,126),(2019,123),(2019,130),(2019,149),(2019,146),(2019,142),(2019,137),(2019,141),(2019,159),(2019,161),(2019,154),(2019,157),(2019,152),(2019,177),(2019,180),(2019,173),(2019,172),(2019,175),(2019,190),(2019,189),(2019,182),(2019,184),(2019,193),(2019,206),(2019,203),(2019,210),(2019,204),(2019,196),(2019,222),(2019,220),(2019,219),(2019,223),(2019,218),(2019,233),(2019,230),(2019,238),(2019,231),(2019,236),(2019,251),(2019,244),(2019,247),(2019,242),(2019,255),(2019,263),(2019,266),(2019,259),(2019,267),(2019,265),(2019,272),(2019,284),(2019,281),(2019,273),(2019,275),(2019,298),(2019,297),(2019,290),(2019,293),(2019,287),(2019,308),(2019,307),(2019,312),(2019,305),(2019,304),(2019,317),(2019,323),(2019,326),(2019,328),(2019,325),(2019,341),(2019,344),(2019,338),(2019,334),(2019,335),(2019,355),(2019,347),(2019,359),(2019,358),(2019,350),(2019,370),(2019,364),(2019,373),(2019,371),(2019,366),(2019,378),(2019,381),(2019,385),(2019,377),(2019,387),(2019,395),(2019,404),(2019,394),(2019,398),(2019,402),(2019,420),(2019,412),(2019,416),(2019,419),(2019,406),(2019,435),(2019,431),(2019,428),(2019,424),(2019,422),(2019,443),(2019,445),(2019,440),(2019,442),(2019,448),(2019,464),(2019,462),(2019,453),(2019,458),(2019,465),(2019,470),(2019,466),(2019,474),(2019,476),(2019,469),(2019,491),(2019,485),(2019,483),(2019,490),(2019,488),(2019,507),(2019,497),(2019,509),(2019,508),(2019,506),(2019,516),(2019,524),(2019,523),(2019,517),(2019,514),(2019,534),(2019,527),(2019,536),(2019,529),(2019,528),(2019,542),(2019,544),(2019,550),(2019,551),(2019,546),(2019,563),(2019,567),(2019,560),(2019,569),(2019,562),(2019,579),(2019,577),(2019,580),(2019,571),(2019,572),(2019,591),(2019,599),(2019,589),(2019,592),(2019,600),(2019,611),(2019,606),(2019,608),(2019,604),(2019,614),(2019,616),(2019,630),(2019,618),(2019,628),(2019,629),(2019,638),(2019,640),(2019,644),(2019,645),(2019,641),(2019,652),(2019,660),(2019,651),(2019,655),(2019,657),(2019,675),(2019,672),(2019,670),(2019,669),(2019,663),(2019,683),(2019,677),(2019,676),(2019,681),(2019,685),(2019,702),(2019,704),(2019,696),(2019,705),(2019,692),(2019,708),(2019,711),(2019,720),(2019,714),(2019,717),(2019,734),(2019,722),(2019,726),(2019,721),(2019,732),(2019,747),(2019,748),(2019,744),(2019,736),(2019,739),(2018,12),(2018,11),(2018,9),(2018,2),(2018,3),(2018,23),(2018,20),(2018,27),(2018,21),(2018,25),(2018,31),(2018,40),(2018,44),(2018,43),(2018,33),(2018,53),(2018,55),(2018,56),(2018,58),(2018,52),(2018,65),(2018,62),(2018,63),(2018,68),(2018,75),(2018,77),(2018,80),(2018,84),(2018,89),(2018,79),(2018,104),(2018,100),(2018,95),(2018,93),(2018,99),(2018,114),(2018,113),(2018,117),(2018,107),(2018,112),(2018,126),(2018,124),(2018,132),(2018,123),(2018,135),(2018,146),(2018,144),(2018,149),(2018,148),(2018,137),(2018,164),(2018,160),(2018,157),(2018,155),(2018,159),(2018,166),(2018,175),(2018,170),(2018,168),(2018,179),(2018,193),(2018,192),(2018,194),(2018,189),(2018,183),(2018,202),(2018,204),(2018,207),(2018,197),(2018,208),(2018,223),(2018,220),(2018,225),(2018,214),(2018,224),(2018,238),(2018,239),(2018,229),(2018,228),(2018,232),(2018,244),(2018,250),(2018,247),(2018,242),(2018,243),(2018,269),(2018,257),(2018,258),(2018,261),(2018,268),(2018,285),(2018,275),(2018,283),(2018,280),(2018,282),(2018,286),(2018,296),(2018,294),(2018,287),(2018,297),(2018,313),(2018,305),(2018,306),(2018,303),(2018,307),(2018,327),(2018,317),(2018,321),(2018,323),(2018,319),(2018,338),(2018,342),(2018,337),(2018,333),(2018,332),(2018,353),(2018,360),(2018,357),(2018,356),(2018,352),(2018,368),(2018,367),(2018,363),(2018,372),(2018,370),(2018,390),(2018,386),(2018,380),(2018,376),(2018,378),(2018,401),(2018,393),(2018,394),(2018,399),(2018,392),(2018,420),(2018,411),(2018,417),(2018,416),(2018,409),(2018,422),(2018,432),(2018,426),(2018,433),(2018,425),(2018,447),(2018,439),(2018,443),(2018,449),(2018,450),(2018,454),(2018,458),(2018,461),(2018,453),(2018,459),(2018,470),(2018,468),(2018,467),(2018,473),(2018,474),(2018,489),(2018,494),(2018,492),(2018,481),(2018,495),(2018,502),(2018,509),(2018,496),(2018,500),(2018,505),(2018,524),(2018,522),(2018,515),(2018,512),(2018,525),(2018,533),(2018,537),(2018,532),(2018,531),(2018,529),(2018,547),(2018,554),(2018,544),(2018,542),(2018,546),(2018,559),(2018,556),(2018,565),(2018,564),(2018,562),(2018,584),(2018,574),(2018,585),(2018,577),(2018,583),(2018,593),(2018,600),(2018,599),(2018,590),(2018,588),(2018,605),(2018,615),(2018,606),(2018,612),(2018,607),(2018,624),(2018,621),(2018,625),(2018,626),(2018,622),(2018,641),(2018,634),(2018,643),(2018,640),(2018,635),(2018,649),(2018,657),(2018,656),(2018,646),(2018,658),(2018,668),(2018,671),(2018,663),(2018,672),(2018,674),(2018,686),(2018,684),(2018,683),(2018,679),(2018,680),(2018,697),(2018,693),(2018,698),(2018,692),(2018,691),(2018,707),(2018,714),(2018,708),(2018,719),(2018,709),(2018,721),(2018,722),(2018,733),(2018,725),(2018,735),(2018,741),(2018,747),(2018,748),(2018,745),(2018,742),(2017,1),(2017,8),(2017,4),(2017,11),(2017,13),(2017,22),(2017,20),(2017,29),(2017,28),(2017,26),(2017,42),(2017,33),(2017,34),(2017,41),(2017,40),(2017,52),(2017,53),(2017,47),(2017,57),(2017,46),(2017,64),(2017,72),(2017,66),(2017,65),(2017,74),(2017,85),(2017,80),(2017,82),(2017,86),(2017,101),(2017,92),(2017,103),(2017,91),(2017,93),(2017,115),(2017,118),(2017,114),(2017,117),(2017,109),(2017,130),(2017,128),(2017,132),(2017,127),(2017,122),(2017,143),(2017,139),(2017,147),(2017,146),(2017,148),(2017,155),(2017,153),(2017,161),(2017,159),(2017,157),(2017,166),(2017,177),(2017,179),(2017,171),(2017,178),(2017,194),(2017,181),(2017,189),(2017,190),(2017,195),(2017,207),(2017,202),(2017,206),(2017,201),(2017,198),(2017,223),(2017,217),(2017,218),(2017,214),(2017,225),(2017,232),(2017,237),(2017,235),(2017,227),(2017,233),(2017,246),(2017,251),(2017,253),(2017,245),(2017,242),(2017,263),(2017,260),(2017,269),(2017,267),(2017,268),(2017,278),(2017,282),(2017,273),(2017,283),(2017,275),(2017,296),(2017,287),(2017,290),(2017,297),(2017,289),(2017,313),(2017,305),(2017,307),(2017,302),(2017,301),(2017,320),(2017,322),(2017,330),(2017,318),(2017,329),(2017,345),(2017,333),(2017,344),(2017,340),(2017,337),(2017,355),(2017,349),(2017,354),(2017,359),(2017,351),(2017,369),(2017,363),(2017,366),(2017,374),(2017,371),(2017,388),(2017,385),(2017,386),(2017,382),(2017,384),(2017,394),(2017,401),(2017,402),(2017,397),(2017,404),(2017,416),(2017,408),(2017,411),(2017,409),(2017,407),(2017,428),(2017,430),(2017,432),(2017,426),(2017,427),(2017,450),(2017,449),(2017,445),(2017,441),(2017,437),(2017,462),(2017,459),(2017,458),(2017,452),(2017,457),(2017,472),(2017,469),(2017,479),(2017,480),(2017,473),(2017,486),(2017,483),(2017,491),(2017,485),(2017,493),(2017,504),(2017,506),(2017,496),(2017,499),(2017,508),(2017,517),(2017,511),(2017,525),(2017,519),(2017,520),(2017,538),(2017,532),(2017,539),(2017,528),(2017,536),(2017,541),(2017,545),(2017,542),(2017,543),(2017,549),(2017,563),(2017,565),(2017,570),(2017,569),(2017,566),(2017,572),(2017,584),(2017,582),(2017,580),(2017,578),(2017,595),(2017,598),(2017,596),(2017,590),(2017,587),(2017,604),(2017,607),(2017,615),(2017,609),(2017,610),(2017,617),(2017,618),(2017,626),(2017,628),(2017,630),(2017,631),(2017,644),(2017,636),(2017,645),(2017,643),(2017,659),(2017,648),(2017,652),(2017,649),(2017,657),(2017,675),(2017,665),(2017,662),(2017,664),(2017,674),(2017,687),(2017,689),(2017,688),(2017,677),(2017,680),(2017,693),(2017,703),(2017,696),(2017,700),(2017,692),(2017,719),(2017,708),(2017,714),(2017,711),(2017,710),(2017,729),(2017,733),(2017,728),(2017,723),(2017,722),(2017,748),(2017,746),(2017,749),(2017,736),(2017,739),(2016,6),(2016,15),(2016,14),(2016,1),(2016,4),(2016,30),(2016,21),(2016,18),(2016,20),(2016,25),(2016,37),(2016,36),(2016,43),(2016,31),(2016,45),(2016,48),(2016,57),(2016,52),(2016,56),(2016,53),(2016,65),(2016,68),(2016,67),(2016,69),(2016,73),(2016,86),(2016,84),(2016,85),(2016,89),(2016,87),(2016,99),(2016,101),(2016,100),(2016,105),(2016,91),(2016,115),(2016,114),(2016,106),(2016,118),(2016,117),(2016,134),(2016,123),(2016,124),(2016,130),(2016,128),(2016,143),(2016,147),(2016,139),(2016,145),(2016,144),(2016,151),(2016,162),(2016,165),(2016,160),(2016,159),(2016,177),(2016,166),(2016,180),(2016,167),(2016,169),(2016,187),(2016,191),(2016,195),(2016,190),(2016,188),(2016,197),(2016,199),(2016,207),(2016,205),(2016,203),(2016,224),(2016,218),(2016,222),(2016,216),(2016,211),(2016,227),(2016,233),(2016,237),(2016,226),(2016,236),(2016,253),(2016,246),(2016,241),(2016,248),(2016,242),(2016,267),(2016,266),(2016,263),(2016,268),(2016,269),(2016,282),(2016,279),(2016,281),(2016,272),(2016,274),(2016,295),(2016,289),(2016,292),(2016,287),(2016,299),(2016,313),(2016,307),(2016,306),(2016,304),(2016,305),(2016,318),(2016,330),(2016,322),(2016,325),(2016,324),(2016,332),(2016,337),(2016,335),(2016,340),(2016,342),(2016,358),(2016,348),(2016,352),(2016,349),(2016,347),(2016,371),(2016,369),(2016,374),(2016,370),(2016,365),(2016,383),(2016,385),(2016,377),(2016,380),(2016,384),(2016,401),(2016,391),(2016,394),(2016,396),(2016,399),(2016,418),(2016,420),(2016,412),(2016,417),(2016,411),(2016,427),(2016,431),(2016,426),(2016,434),(2016,425),(2016,450),(2016,447),(2016,436),(2016,440),(2016,439),(2016,454),(2016,456),(2016,453),(2016,460),(2016,459),(2016,476),(2016,480),(2016,468),(2016,474),(2016,477),(2016,482),(2016,490),(2016,481),(2016,492),(2016,486),(2016,505),(2016,497),(2016,507),(2016,509),(2016,502),(2016,513),(2016,515),(2016,521),(2016,523),(2016,514),(2016,538),(2016,539),(2016,540),(2016,536),(2016,533),(2016,554),(2016,553),(2016,545),(2016,547),(2016,550),(2016,566),(2016,559),(2016,568),(2016,570),(2016,561),(2016,580),(2016,582),(2016,574),(2016,571),(2016,576),(2016,597),(2016,589),(2016,594),(2016,595),(2016,591),(2016,606),(2016,614),(2016,613),(2016,615),(2016,607),(2016,616),(2016,623),(2016,622),(2016,626),(2016,624),(2016,642),(2016,643),(2016,631),(2016,638),(2016,637),(2016,647),(2016,646),(2016,650),(2016,655),(2016,658),(2016,671),(2016,674),(2016,675),(2016,673),(2016,667),(2016,679),(2016,686),(2016,680),(2016,684),(2016,682),(2016,695),(2016,696),(2016,697),(2016,704),(2016,702),(2016,709),(2016,716),(2016,707),(2016,712),(2016,710),(2016,732),(2016,725),(2016,721),(2016,728),(2016,729),(2016,737),(2016,744),(2016,739),(2016,748),(2016,740),(2015,14),(2015,9),(2015,7),(2015,4),(2015,13),(2015,24),(2015,21),(2015,28),(2015,23),(2015,25),(2015,32),(2015,31),(2015,43),(2015,44),(2015,35),(2015,60),(2015,54),(2015,56),(2015,48),(2015,53),(2015,68),(2015,75),(2015,64),(2015,63),(2015,67),(2015,83),(2015,79),(2015,88),(2015,86),(2015,82),(2015,91),(2015,105),(2015,99),(2015,103),(2015,100),(2015,118),(2015,114),(2015,109),(2015,112),(2015,106),(2015,134),(2015,133),(2015,130),(2015,122),(2015,127),(2015,146),(2015,136),(2015,145),(2015,137),(2015,150),(2015,155),(2015,156),(2015,158),(2015,164),(2015,151),(2015,180),(2015,166),(2015,169),(2015,171),(2015,173),(2015,181),(2015,195),(2015,193),(2015,191),(2015,183),(2015,201),(2015,206),(2015,199),(2015,197),(2015,202),(2015,215),(2015,223),(2015,222),(2015,225),(2015,213),(2015,235),(2015,237),(2015,228),(2015,234),(2015,227),(2015,255),(2015,246),(2015,243),(2015,247),(2015,250),(2015,264),(2015,260),(2015,269),(2015,257),(2015,258),(2015,271),(2015,277),(2015,285),(2015,273),(2015,283),(2015,293),(2015,292),(2015,296),(2015,297),(2015,298),(2015,309),(2015,302),(2015,308),(2015,311),(2015,303),(2015,322),(2015,330),(2015,327),(2015,323),(2015,321),(2015,334),(2015,338),(2015,336),(2015,345),(2015,337),(2015,351),(2015,354),(2015,352),(2015,356),(2015,359),(2015,364),(2015,363),(2015,373),(2015,367),(2015,368),(2015,389),(2015,384),(2015,383),(2015,387),(2015,381),(2015,397),(2015,394),(2015,392),(2015,396),(2015,405),(2015,414),(2015,409),(2015,413),(2015,415),(2015,416),(2015,428),(2015,433),(2015,434),(2015,427),(2015,425),(2015,441),(2015,447),(2015,446),(2015,443),(2015,440),(2015,464),(2015,459),(2015,463),(2015,461),(2015,460),(2015,477),(2015,475),(2015,479),(2015,478),(2015,472),(2015,487),(2015,495),(2015,486),(2015,494),(2015,488),(2015,499),(2015,506),(2015,509),(2015,508),(2015,496),(2015,522),(2015,515),(2015,518),(2015,524),(2015,519),(2015,539),(2015,531),(2015,536),(2015,535),(2015,527),(2015,544),(2015,547),(2015,551),(2015,553),(2015,542),(2015,570),(2015,569),(2015,568),(2015,562),(2015,563),(2015,574),(2015,584),(2015,577),(2015,585),(2015,575),(2015,590),(2015,591),(2015,587),(2015,588),(2015,586),(2015,612),(2015,603),(2015,606),(2015,608),(2015,605),(2015,619),(2015,627),(2015,625),(2015,620),(2015,626),(2015,635),(2015,642),(2015,631),(2015,639),(2015,638),(2015,649),(2015,653),(2015,655),(2015,660),(2015,659),(2015,669),(2015,672),(2015,667),(2015,674),(2015,668),(2015,676),(2015,686),(2015,680),(2015,684),(2015,685),(2015,694),(2015,693),(2015,704),(2015,705),(2015,702),(2015,708),(2015,707),(2015,709),(2015,706),(2015,714),(2015,721),(2015,735),(2015,733),(2015,723),(2015,727),(2015,746),(2015,742),(2015,745),(2015,750),(2015,740),(2014,7),(2014,2),(2014,9),(2014,15),(2014,5),(2014,21),(2014,28),(2014,19),(2014,29),(2014,27),(2014,38),(2014,37),(2014,43),(2014,40),(2014,42),(2014,57),(2014,48),(2014,46),(2014,53),(2014,50),(2014,69),(2014,73),(2014,75),(2014,61),(2014,67),(2014,86),(2014,79),(2014,81),(2014,77),(2014,94),(2014,91),(2014,100),(2014,99),(2014,104),(2014,108),(2014,119),(2014,120),(2014,117),(2014,114),(2014,135),(2014,129),(2014,121),(2014,132),(2014,130),(2014,149),(2014,148),(2014,141),(2014,143),(2014,146),(2014,158),(2014,151),(2014,164),(2014,162),(2014,152),(2014,167),(2014,172),(2014,170),(2014,173),(2014,178),(2014,192),(2014,194),(2014,188),(2014,187),(2014,186),(2014,208),(2014,204),(2014,200),(2014,201),(2014,209),(2014,212),(2014,213),(2014,220),(2014,211),(2014,217),(2014,238),(2014,237),(2014,239),(2014,236),(2014,231),(2014,255),(2014,244),(2014,242),(2014,251),(2014,250),(2014,263),(2014,265),(2014,266),(2014,260),(2014,259),(2014,281),(2014,273),(2014,285),(2014,275),(2014,272),(2014,291),(2014,296),(2014,293),(2014,298),(2014,288),(2014,309),(2014,312),(2014,303),(2014,310),(2014,315),(2014,319),(2014,317),(2014,328),(2014,322),(2014,326),(2014,344),(2014,333),(2014,343),(2014,341),(2014,340),(2014,351),(2014,355),(2014,358),(2014,348),(2014,346),(2014,374),(2014,365),(2014,370),(2014,364),(2014,375),(2014,384),(2014,377),(2014,376),(2014,389),(2014,378),(2014,394),(2014,400),(2014,397),(2014,403),(2014,393),(2014,412),(2014,413),(2014,415),(2014,414),(2014,418),(2014,434),(2014,423),(2014,431),(2014,425),(2014,426),(2014,445),(2014,448),(2014,444),(2014,437),(2014,438),(2014,460),(2014,463),(2014,455),(2014,453),(2014,464),(2014,477),(2014,479),(2014,472),(2014,470),(2014,468),(2014,483),(2014,486),(2014,484),(2014,490),(2014,491),(2014,509),(2014,503),(2014,507),(2014,506),(2014,502),(2014,514),(2014,524),(2014,520),(2014,521),(2014,511),(2014,539),(2014,527),(2014,532),(2014,540),(2014,529),(2014,544),(2014,548),(2014,542),(2014,541),(2014,555),(2014,566),(2014,559),(2014,564),(2014,557),(2014,556),(2014,576),(2014,578),(2014,583),(2014,584),(2014,573),(2014,599),(2014,595),(2014,586),(2014,594),(2014,598),(2014,615),(2014,614),(2014,609),(2014,602),(2014,611),(2014,627),(2014,626),(2014,617),(2014,623),(2014,625),(2014,640),(2014,641),(2014,636),(2014,635),(2014,634),(2014,657),(2014,652),(2014,658),(2014,660),(2014,646),(2014,667),(2014,666),(2014,672),(2014,662),(2014,661),(2014,681),(2014,678),(2014,689),(2014,680),(2014,682),(2014,703),(2014,696),(2014,705),(2014,695),(2014,691),(2014,712),(2014,710),(2014,711),(2014,715),(2014,718),(2014,726),(2014,734),(2014,721),(2014,732),(2014,724),(2014,745),(2014,742),(2014,737),(2014,738),(2014,740),(2013,12),(2013,13),(2013,5),(2013,10),(2013,7),(2013,21),(2013,20),(2013,16),(2013,17),(2013,27),(2013,44),(2013,34),(2013,35),(2013,40),(2013,39),(2013,52),(2013,56),(2013,54),(2013,48),(2013,46),(2013,66),(2013,62),(2013,64),(2013,61),(2013,72),(2013,89),(2013,82),(2013,85),(2013,78),(2013,87),(2013,98),(2013,101),(2013,100),(2013,102),(2013,94),(2013,106),(2013,116),(2013,111),(2013,113),(2013,112),(2013,122),(2013,132),(2013,124),(2013,127),(2013,128),(2013,143),(2013,144),(2013,145),(2013,150),(2013,142),(2013,153),(2013,161),(2013,160),(2013,151),(2013,158),(2013,176),(2013,175),(2013,170),(2013,166),(2013,167),(2013,189),(2013,193),(2013,191),(2013,185),(2013,190),(2013,201),(2013,205),(2013,207),(2013,203),(2013,199),(2013,224),(2013,217),(2013,216),(2013,223),(2013,212),(2013,234),(2013,240),(2013,227),(2013,231),(2013,237),(2013,249),(2013,248),(2013,250),(2013,241),(2013,242),(2013,268),(2013,261),(2013,257),(2013,266),(2013,260),(2013,282),(2013,285),(2013,277),(2013,278),(2013,283),(2013,294),(2013,300),(2013,297),(2013,299),(2013,287),(2013,315),(2013,312),(2013,313),(2013,314),(2013,301),(2013,326),(2013,317),(2013,324),(2013,322),(2013,318),(2013,342),(2013,333),(2013,343),(2013,338),(2013,341),(2013,349),(2013,360),(2013,359),(2013,355),(2013,356),(2013,361),(2013,367),(2013,362),(2013,373),(2013,370),(2013,390),(2013,388),(2013,376),(2013,387),(2013,384),(2013,401),(2013,393),(2013,394),(2013,400),(2013,391),(2013,416),(2013,408),(2013,418),(2013,420),(2013,406),(2013,435),(2013,424),(2013,429),(2013,427),(2013,425),(2013,442),(2013,443),(2013,436),(2013,450),(2013,449),(2013,461),(2013,455),(2013,465),(2013,459),(2013,458),(2013,480),(2013,469),(2013,471),(2013,472),(2013,473),(2013,483),(2013,486),(2013,485),(2013,494),(2013,481),(2013,505),(2013,496),(2013,509),(2013,502),(2013,500),(2013,522),(2013,516),(2013,520),(2013,521),(2013,511),(2013,538),(2013,529),(2013,533),(2013,535),(2013,528),(2013,551),(2013,547),(2013,545),(2013,548),(2013,542),(2013,560),(2013,561),(2013,565),(2013,556),(2013,569),(2013,576),(2013,578),(2013,573),(2013,583),(2013,572),(2013,599),(2013,597),(2013,593),(2013,591),(2013,588),(2013,603),(2013,601),(2013,604),(2013,612),(2013,607),(2013,623),(2013,628),(2013,618),(2013,616),(2013,627),(2013,633),(2013,635),(2013,639),(2013,645),(2013,642),(2013,647),(2013,648),(2013,656),(2013,655),(2013,654),(2013,673),(2013,666),(2013,674),(2013,663),(2013,664),(2013,684),(2013,680),(2013,679),(2013,690),(2013,678),(2013,693),(2013,702),(2013,699),(2013,704),(2013,695),(2013,720),(2013,713),(2013,719),(2013,717),(2013,718),(2013,727),(2013,734),(2013,730),(2013,725),(2013,726),(2013,742),(2013,747),(2013,748),(2013,739),(2013,750),(2012,7),(2012,5),(2012,1),(2012,2),(2012,6),(2012,24),(2012,28),(2012,18),(2012,27),(2012,26),(2012,45),(2012,42),(2012,34),(2012,43),(2012,32),(2012,53),(2012,48),(2012,57),(2012,52),(2012,47),(2012,64),(2012,62),(2012,75),(2012,66),(2012,63),(2012,77),(2012,87),(2012,86),(2012,84),(2012,80),(2012,94),(2012,105),(2012,98),(2012,93),(2012,99),(2012,108),(2012,119),(2012,115),(2012,120),(2012,107),(2012,134),(2012,129),(2012,135),(2012,125),(2012,132),(2012,136),(2012,144),(2012,140),(2012,145),(2012,146),(2012,157),(2012,159),(2012,151),(2012,153),(2012,154),(2012,175),(2012,167),(2012,171),(2012,172),(2012,166),(2012,184),(2012,191),(2012,194),(2012,188),(2012,189),(2012,208),(2012,203),(2012,197),(2012,198),(2012,204),(2012,213),(2012,216),(2012,220),(2012,214),(2012,218),(2012,233),(2012,237),(2012,231),(2012,232),(2012,240),(2012,241),(2012,244),(2012,242),(2012,254),(2012,255),(2012,265),(2012,258),(2012,261),(2012,256),(2012,264),(2012,272),(2012,285),(2012,273),(2012,277),(2012,279),(2012,297),(2012,300),(2012,292),(2012,290),(2012,288),(2012,315),(2012,308),(2012,310),(2012,311),(2012,303),(2012,322),(2012,320),(2012,325),(2012,327),(2012,319),(2012,337),(2012,343),(2012,340),(2012,339),(2012,335),(2012,349),(2012,347),(2012,351),(2012,356),(2012,350),(2012,371),(2012,370),(2012,372),(2012,365),(2012,362),(2012,388),(2012,377),(2012,383),(2012,376),(2012,381),(2012,396),(2012,401),(2012,398),(2012,391),(2012,394),(2012,407),(2012,412),(2012,420),(2012,415),(2012,411),(2012,424),(2012,421),(2012,434),(2012,422),(2012,428),(2012,442),(2012,447),(2012,446),(2012,437),(2012,445),(2012,460),(2012,461),(2012,452),(2012,451),(2012,454),(2012,475),(2012,473),(2012,477),(2012,472),(2012,466),(2012,484),(2012,488),(2012,491),(2012,492),(2012,493),(2012,496),(2012,497),(2012,500),(2012,509),(2012,504),(2012,511),(2012,521),(2012,522),(2012,513),(2012,512),(2012,536),(2012,538),(2012,530),(2012,537),(2012,534),(2012,541),(2012,553),(2012,546),(2012,542),(2012,549),(2012,561),(2012,559),(2012,567),(2012,568),(2012,564),(2012,584),(2012,575),(2012,577),(2012,582),(2012,573),(2012,588),(2012,592),(2012,586),(2012,599),(2012,587),(2012,615),(2012,604),(2012,612),(2012,607),(2012,611),(2012,620),(2012,628),(2012,621),(2012,627),(2012,626),(2012,631),(2012,642),(2012,635),(2012,645),(2012,634),(2012,658),(2012,648),(2012,653),(2012,646),(2012,657),(2012,673),(2012,670),(2012,669),(2012,663),(2012,664),(2012,685),(2012,687),(2012,688),(2012,681),(2012,683),(2012,692),(2012,691),(2012,705),(2012,704),(2012,698),(2012,709),(2012,715),(2012,718),(2012,710),(2012,711),(2012,724),(2012,728),(2012,733),(2012,725),(2012,731),(2012,748),(2012,747),(2012,740),(2012,745),(2012,743);
/*!40000 ALTER TABLE `contest_has_juror` ENABLE KEYS */;
UNLOCK TABLES;

--
-- Table structure for table `country`
--

DROP TABLE IF EXISTS `country`;
/*!40101 SET @saved_cs_client     = @@character_set_client */;
/*!50503 SET character_set_client = utf8mb4 */;
CREATE TABLE `country` (
  `country_name` varchar(45) NOT NULL,
  `is_big_five` tinyint DEFAULT NULL,
  PRIMARY KEY (`country_name`)
) ENGINE=InnoDB DEFAULT CHARSET=utf8mb3;
/*!40101 SET character_set_client = @saved_cs_client */;

--
-- Dumping data for table `country`
--

LOCK TABLES `country` WRITE;
/*!40000 ALTER TABLE `country` DISABLE KEYS */;
INSERT INTO `country` VALUES ('Albania',0),('Andorra',0),('Armenia',0),('Australia',0),('Austria',0),('Azerbaijan',0),('Belarus',0),('Belgium',0),('Bosnia and Herzegovina',0),('Bulgaria',0),('Croatia',0),('Cyprus',0),('Czech Republic',0),('Denmark',0),('Estonia',0),('Finland',0),('France',1),('Georgia',0),('Germany',1),('Greece',0),('Hungary',0),('Iceland',0),('Ireland',0),('Israel',0),('Italy',1),('Latvia',0),('Lithuania',0),('Luxembourg',0),('Malta',0),('Moldova',0),('Monaco',0),('Montenegro',0),('Netherlands',0),('North Macedonia',0),('Norway',0),('Poland',0),('Portugal',0),('Romania',0),('Russia',0),('San Marino',0),('Serbia',0),('Slovakia ',0),('Slovenia',0),('Spain',1),('Sweden',0),('Switzerland',0),('Turkey',0),('Ukraine',0),('United Kingdom',1),('Yugoslavia',0);
/*!40000 ALTER TABLE `country` ENABLE KEYS */;
UNLOCK TABLES;

--
-- Table structure for table `country_votes`
--

DROP TABLE IF EXISTS `country_votes`;
/*!40101 SET @saved_cs_client     = @@character_set_client */;
/*!50503 SET character_set_client = utf8mb4 */;
CREATE TABLE `country_votes` (
  `year` int unsigned NOT NULL,
  `country_voting` varchar(45) NOT NULL,
  `country_voted` varchar(45) NOT NULL,
  `public_points` int(10) unsigned zerofill DEFAULT NULL,
  `jury_points` int(10) unsigned zerofill DEFAULT NULL,
  KEY `fk_Country_Votes_Contest1_idx` (`year`),
  KEY `fk_Country_Votes_Country1_idx` (`country_voting`),
  KEY `fk_Country_Votes_Country2_idx` (`country_voted`),
  CONSTRAINT `fk_Country_Votes_Contest1` FOREIGN KEY (`year`) REFERENCES `contest` (`year`),
  CONSTRAINT `fk_Country_Votes_Country1` FOREIGN KEY (`country_voting`) REFERENCES `country` (`country_name`),
  CONSTRAINT `fk_Country_Votes_Country2` FOREIGN KEY (`country_voted`) REFERENCES `country` (`country_name`)
) ENGINE=InnoDB DEFAULT CHARSET=utf8mb3;
/*!40101 SET character_set_client = @saved_cs_client */;

--
-- Dumping data for table `country_votes`
--

LOCK TABLES `country_votes` WRITE;
/*!40000 ALTER TABLE `country_votes` DISABLE KEYS */;
INSERT INTO `country_votes` VALUES (2021,'Portugal','Austria',0000000005,0000000008),(2021,'Portugal','Bulgaria',0000000012,0000000001),(2021,'Portugal','Belgium',0000000001,0000000010),(2021,'Portugal','Croatia',0000000004,0000000002),(2021,'Portugal','Czech Republic',0000000006,0000000006),(2021,'Portugal','Latvia',0000000007,0000000004),(2021,'Portugal','Israel',0000000008,0000000007),(2021,'Portugal','Albania',0000000003,0000000005),(2021,'Portugal','Moldova',0000000002,0000000012),(2021,'Portugal','Armenia',0000000010,0000000003),(2021,'Bosnia and Herzegovina','Belgium',0000000005,0000000005),(2021,'Bosnia and Herzegovina','Italy',0000000012,0000000001),(2021,'Bosnia and Herzegovina','Romania',0000000007,0000000008),(2021,'Bosnia and Herzegovina','Austria',0000000010,0000000002),(2021,'Bosnia and Herzegovina','Netherlands',0000000001,0000000012),(2021,'Bosnia and Herzegovina','Cyprus',0000000002,0000000003),(2021,'Bosnia and Herzegovina','Poland',0000000008,0000000007),(2021,'Bosnia and Herzegovina','Czech Republic',0000000004,0000000010),(2021,'Bosnia and Herzegovina','Israel',0000000003,0000000004),(2021,'Bosnia and Herzegovina','Croatia',0000000006,0000000006),(2021,'Austria','Armenia',0000000008,0000000007),(2021,'Austria','Bulgaria',0000000006,0000000001),(2021,'Austria','Russia',0000000002,0000000002),(2021,'Austria','Portugal',0000000012,0000000012),(2021,'Austria','Turkey',0000000007,0000000003),(2021,'Austria','Serbia',0000000010,0000000004),(2021,'Austria','Croatia',0000000003,0000000010),(2021,'Austria','Bosnia and Herzegovina',0000000005,0000000006),(2021,'Austria','Cyprus',0000000001,0000000005),(2021,'Austria','Yugoslavia',0000000004,0000000008),(2021,'Croatia','Israel',0000000004,0000000008),(2021,'Croatia','Bosnia and Herzegovina',0000000001,0000000012),(2021,'Croatia','Russia',0000000003,0000000005),(2021,'Croatia','Australia',0000000008,0000000006),(2021,'Croatia','Yugoslavia',0000000012,0000000007),(2021,'Croatia','Armenia',0000000007,0000000003),(2021,'Croatia','Albania',0000000002,0000000002),(2021,'Croatia','Romania',0000000006,0000000010),(2021,'Croatia','Poland',0000000005,0000000001),(2021,'Croatia','Portugal',0000000010,0000000004),(2021,'Bulgaria','Austria',0000000002,0000000001),(2021,'Bulgaria','Albania',0000000012,0000000010),(2021,'Bulgaria','Bosnia and Herzegovina',0000000003,0000000005),(2021,'Bulgaria','Serbia',0000000004,0000000007),(2021,'Bulgaria','Australia',0000000001,0000000002),(2021,'Bulgaria','Netherlands',0000000007,0000000004),(2021,'Bulgaria','Armenia',0000000010,0000000012),(2021,'Bulgaria','Portugal',0000000008,0000000006),(2021,'Bulgaria','Croatia',0000000006,0000000008),(2021,'Bulgaria','Latvia',0000000005,0000000003),(2021,'Israel','Malta',0000000002,0000000012),(2021,'Israel','Poland',0000000007,0000000002),(2021,'Israel','Latvia',0000000004,0000000003),(2021,'Israel','Yugoslavia',0000000006,0000000008),(2021,'Israel','Austria',0000000003,0000000005),(2021,'Israel','Bosnia and Herzegovina',0000000010,0000000001),(2021,'Israel','Russia',0000000005,0000000004),(2021,'Israel','Moldova',0000000012,0000000007),(2021,'Israel','Australia',0000000001,0000000010),(2021,'Israel','Albania',0000000008,0000000006),(2021,'Czech Republic','Malta',0000000004,0000000002),(2021,'Czech Republic','Moldova',0000000005,0000000010),(2021,'Czech Republic','Albania',0000000007,0000000003),(2021,'Czech Republic','Poland',0000000001,0000000005),(2021,'Czech Republic','Israel',0000000006,0000000012),(2021,'Czech Republic','Latvia',0000000002,0000000007),(2021,'Czech Republic','Armenia',0000000012,0000000008),(2021,'Czech Republic','Italy',0000000003,0000000006),(2021,'Czech Republic','Russia',0000000010,0000000004),(2021,'Czech Republic','Cyprus',0000000008,0000000001),(2021,'Cyprus','Russia',0000000006,0000000012),(2021,'Cyprus','Moldova',0000000001,0000000002),(2021,'Cyprus','Bosnia and Herzegovina',0000000007,0000000003),(2021,'Cyprus','Netherlands',0000000003,0000000010),(2021,'Cyprus','Belgium',0000000005,0000000004),(2021,'Cyprus','Italy',0000000008,0000000008),(2021,'Cyprus','Serbia',0000000010,0000000005),(2021,'Cyprus','Yugoslavia',0000000004,0000000006),(2021,'Cyprus','Armenia',0000000012,0000000001),(2021,'Cyprus','Romania',0000000002,0000000007),(2021,'Netherlands','Finland',0000000008,0000000003),(2021,'Netherlands','Yugoslavia',0000000003,0000000001),(2021,'Netherlands','Croatia',0000000002,0000000004),(2021,'Netherlands','Bosnia and Herzegovina',0000000001,0000000010),(2021,'Netherlands','Australia',0000000012,0000000006),(2021,'Netherlands','Georgia',0000000006,0000000002),(2021,'Netherlands','Czech Republic',0000000005,0000000008),(2021,'Netherlands','Italy',0000000007,0000000007),(2021,'Netherlands','Romania',0000000010,0000000005),(2021,'Netherlands','Cyprus',0000000004,0000000012),(2021,'Georgia','Serbia',0000000004,0000000005),(2021,'Georgia','Turkey',0000000006,0000000004),(2021,'Georgia','Croatia',0000000005,0000000010),(2021,'Georgia','Yugoslavia',0000000007,0000000008),(2021,'Georgia','Czech Republic',0000000008,0000000012),(2021,'Georgia','Austria',0000000012,0000000003),(2021,'Georgia','Cyprus',0000000003,0000000006),(2021,'Georgia','Latvia',0000000001,0000000007),(2021,'Georgia','Netherlands',0000000010,0000000002),(2021,'Georgia','Italy',0000000002,0000000001),(2021,'Finland','Israel',0000000002,0000000005),(2021,'Finland','Netherlands',0000000012,0000000004),(2021,'Finland','Italy',0000000003,0000000001),(2021,'Finland','Russia',0000000005,0000000007),(2021,'Finland','Georgia',0000000008,0000000012),(2021,'Finland','Yugoslavia',0000000006,0000000006),(2021,'Finland','Armenia',0000000007,0000000003),(2021,'Finland','Cyprus',0000000001,0000000008),(2021,'Finland','Portugal',0000000004,0000000002),(2021,'Finland','Bosnia and Herzegovina',0000000010,0000000010),(2021,'Romania','Cyprus',0000000007,0000000002),(2021,'Romania','Bosnia and Herzegovina',0000000001,0000000006),(2021,'Romania','Moldova',0000000005,0000000008),(2021,'Romania','Austria',0000000012,0000000010),(2021,'Romania','Bulgaria',0000000010,0000000012),(2021,'Romania','Australia',0000000006,0000000007),(2021,'Romania','Latvia',0000000003,0000000003),(2021,'Romania','Portugal',0000000004,0000000004),(2021,'Romania','Georgia',0000000002,0000000001),(2021,'Romania','Malta',0000000008,0000000005),(2021,'Italy','Belgium',0000000005,0000000007),(2021,'Italy','Bulgaria',0000000003,0000000012),(2021,'Italy','Croatia',0000000007,0000000006),(2021,'Italy','Albania',0000000004,0000000004),(2021,'Italy','Armenia',0000000001,0000000005),(2021,'Italy','Australia',0000000006,0000000002),(2021,'Italy','Czech Republic',0000000012,0000000008),(2021,'Italy','Cyprus',0000000002,0000000010),(2021,'Italy','Russia',0000000008,0000000003),(2021,'Italy','Moldova',0000000010,0000000001),(2021,'Yugoslavia','Malta',0000000004,0000000008),(2021,'Yugoslavia','Latvia',0000000001,0000000001),(2021,'Yugoslavia','Albania',0000000005,0000000012),(2021,'Yugoslavia','Portugal',0000000002,0000000006),(2021,'Yugoslavia','Bulgaria',0000000003,0000000010),(2021,'Yugoslavia','Australia',0000000010,0000000002),(2021,'Yugoslavia','Cyprus',0000000006,0000000003),(2021,'Yugoslavia','Romania',0000000012,0000000007),(2021,'Yugoslavia','Italy',0000000008,0000000005),(2021,'Yugoslavia','Moldova',0000000007,0000000004),(2021,'Malta','Italy',0000000001,0000000010),(2021,'Malta','Romania',0000000008,0000000012),(2021,'Malta','Yugoslavia',0000000002,0000000007),(2021,'Malta','Cyprus',0000000010,0000000006),(2021,'Malta','Finland',0000000005,0000000003),(2021,'Malta','Netherlands',0000000007,0000000001),(2021,'Malta','Armenia',0000000006,0000000008),(2021,'Malta','Portugal',0000000012,0000000005),(2021,'Malta','Bulgaria',0000000004,0000000004),(2021,'Malta','Turkey',0000000003,0000000002),(2021,'Poland','Bulgaria',0000000005,0000000007),(2021,'Poland','Malta',0000000004,0000000008),(2021,'Poland','Czech Republic',0000000010,0000000002),(2021,'Poland','Latvia',0000000008,0000000006),(2021,'Poland','Austria',0000000003,0000000010),(2021,'Poland','Serbia',0000000012,0000000012),(2021,'Poland','Romania',0000000001,0000000005),(2021,'Poland','Bosnia and Herzegovina',0000000006,0000000004),(2021,'Poland','Portugal',0000000007,0000000003),(2021,'Poland','Georgia',0000000002,0000000001),(2021,'Australia','Armenia',0000000007,0000000007),(2021,'Australia','Bulgaria',0000000004,0000000003),(2021,'Australia','Albania',0000000001,0000000008),(2021,'Australia','Israel',0000000005,0000000006),(2021,'Australia','Poland',0000000008,0000000001),(2021,'Australia','Italy',0000000003,0000000002),(2021,'Australia','Serbia',0000000006,0000000005),(2021,'Australia','Czech Republic',0000000002,0000000010),(2021,'Australia','Georgia',0000000012,0000000012),(2021,'Australia','Cyprus',0000000010,0000000004),(2021,'Albania','Malta',0000000008,0000000001),(2021,'Albania','Cyprus',0000000002,0000000012),(2021,'Albania','Bosnia and Herzegovina',0000000012,0000000010),(2021,'Albania','Finland',0000000005,0000000007),(2021,'Albania','Czech Republic',0000000003,0000000005),(2021,'Albania','Russia',0000000007,0000000002),(2021,'Albania','Latvia',0000000010,0000000004),(2021,'Albania','Australia',0000000004,0000000003),(2021,'Albania','Netherlands',0000000001,0000000006),(2021,'Albania','Georgia',0000000006,0000000008),(2021,'Serbia','Yugoslavia',0000000004,0000000005),(2021,'Serbia','Romania',0000000007,0000000006),(2021,'Serbia','Latvia',0000000003,0000000010),(2021,'Serbia','Croatia',0000000002,0000000002),(2021,'Serbia','Austria',0000000005,0000000008),(2021,'Serbia','Russia',0000000010,0000000007),(2021,'Serbia','Moldova',0000000001,0000000003),(2021,'Serbia','Bosnia and Herzegovina',0000000006,0000000001),(2021,'Serbia','Armenia',0000000008,0000000004),(2021,'Serbia','Cyprus',0000000012,0000000012),(2021,'Belgium','Serbia',0000000012,0000000003),(2021,'Belgium','Romania',0000000005,0000000002),(2021,'Belgium','Australia',0000000007,0000000007),(2021,'Belgium','Bulgaria',0000000010,0000000006),(2021,'Belgium','Cyprus',0000000003,0000000001),(2021,'Belgium','Poland',0000000002,0000000012),(2021,'Belgium','Albania',0000000008,0000000004),(2021,'Belgium','Latvia',0000000006,0000000008),(2021,'Belgium','Russia',0000000001,0000000005),(2021,'Belgium','Armenia',0000000004,0000000010),(2021,'Turkey','Georgia',0000000008,0000000005),(2021,'Turkey','Malta',0000000001,0000000012),(2021,'Turkey','Moldova',0000000010,0000000002),(2021,'Turkey','Romania',0000000007,0000000004),(2021,'Turkey','Bosnia and Herzegovina',0000000005,0000000006),(2021,'Turkey','Austria',0000000002,0000000010),(2021,'Turkey','Cyprus',0000000003,0000000008),(2021,'Turkey','Bulgaria',0000000012,0000000007),(2021,'Turkey','Serbia',0000000006,0000000003),(2021,'Turkey','Poland',0000000004,0000000001),(2021,'Moldova','Poland',0000000012,0000000012),(2021,'Moldova','Italy',0000000004,0000000007),(2021,'Moldova','Australia',0000000005,0000000005),(2021,'Moldova','Albania',0000000010,0000000004),(2021,'Moldova','Bulgaria',0000000008,0000000010),(2021,'Moldova','Russia',0000000003,0000000008),(2021,'Moldova','Cyprus',0000000007,0000000003),(2021,'Moldova','Romania',0000000006,0000000006),(2021,'Moldova','Armenia',0000000002,0000000001),(2021,'Moldova','Malta',0000000001,0000000002),(2021,'Russia','Croatia',0000000012,0000000005),(2021,'Russia','Italy',0000000005,0000000001),(2021,'Russia','Turkey',0000000003,0000000008),(2021,'Russia','Armenia',0000000001,0000000003),(2021,'Russia','Netherlands',0000000008,0000000010),(2021,'Russia','Yugoslavia',0000000010,0000000012),(2021,'Russia','Bosnia and Herzegovina',0000000006,0000000002),(2021,'Russia','Albania',0000000007,0000000006),(2021,'Russia','Austria',0000000002,0000000007),(2021,'Russia','Moldova',0000000004,0000000004),(2021,'Latvia','Serbia',0000000010,0000000004),(2021,'Latvia','Poland',0000000002,0000000003),(2021,'Latvia','Georgia',0000000005,0000000002),(2021,'Latvia','Netherlands',0000000006,0000000001),(2021,'Latvia','Albania',0000000007,0000000010),(2021,'Latvia','Italy',0000000004,0000000007),(2021,'Latvia','Australia',0000000012,0000000008),(2021,'Latvia','Malta',0000000001,0000000012),(2021,'Latvia','Turkey',0000000003,0000000006),(2021,'Latvia','Moldova',0000000008,0000000005),(2021,'Armenia','Serbia',0000000012,0000000007),(2021,'Armenia','Yugoslavia',0000000008,0000000008),(2021,'Armenia','Bosnia and Herzegovina',0000000001,0000000010),(2021,'Armenia','Romania',0000000002,0000000003),(2021,'Armenia','Portugal',0000000004,0000000006),(2021,'Armenia','Moldova',0000000005,0000000001),(2021,'Armenia','Georgia',0000000003,0000000012),(2021,'Armenia','Netherlands',0000000006,0000000004),(2021,'Armenia','Finland',0000000010,0000000002),(2021,'Armenia','Italy',0000000007,0000000005),(2020,'Cyprus','Switzerland',0000000001,0000000001),(2020,'Cyprus','Germany',0000000004,0000000003),(2020,'Cyprus','Portugal',0000000012,0000000002),(2020,'Cyprus','Italy',0000000008,0000000012),(2020,'Cyprus','Israel',0000000002,0000000008),(2020,'Cyprus','Bosnia and Herzegovina',0000000006,0000000006),(2020,'Cyprus','Russia',0000000005,0000000007),(2020,'Cyprus','Ukraine',0000000010,0000000005),(2020,'Cyprus','Croatia',0000000003,0000000004),(2020,'Cyprus','Romania',0000000007,0000000010),(2020,'Azerbaijan','Israel',0000000010,0000000003),(2020,'Azerbaijan','Bosnia and Herzegovina',0000000006,0000000012),(2020,'Azerbaijan','Sweden',0000000008,0000000006),(2020,'Azerbaijan','Switzerland',0000000012,0000000008),(2020,'Azerbaijan','Bulgaria',0000000004,0000000002),(2020,'Azerbaijan','Georgia',0000000001,0000000001),(2020,'Azerbaijan','Russia',0000000005,0000000005),(2020,'Azerbaijan','Lithuania',0000000007,0000000004),(2020,'Azerbaijan','Malta',0000000003,0000000007),(2020,'Azerbaijan','Cyprus',0000000002,0000000010),(2020,'Slovenia','Bosnia and Herzegovina',0000000002,0000000007),(2020,'Slovenia','Romania',0000000003,0000000006),(2020,'Slovenia','Portugal',0000000012,0000000002),(2020,'Slovenia','Cyprus',0000000008,0000000012),(2020,'Slovenia','Croatia',0000000010,0000000010),(2020,'Slovenia','Albania',0000000001,0000000003),(2020,'Slovenia','Azerbaijan',0000000006,0000000005),(2020,'Slovenia','Austria',0000000004,0000000004),(2020,'Slovenia','Switzerland',0000000005,0000000008),(2020,'Slovenia','Lithuania',0000000007,0000000001),(2020,'Belarus','Sweden',0000000001,0000000004),(2020,'Belarus','Bosnia and Herzegovina',0000000003,0000000003),(2020,'Belarus','Romania',0000000008,0000000001),(2020,'Belarus','Austria',0000000010,0000000005),(2020,'Belarus','Croatia',0000000012,0000000002),(2020,'Belarus','Albania',0000000006,0000000006),(2020,'Belarus','Russia',0000000002,0000000008),(2020,'Belarus','Switzerland',0000000007,0000000007),(2020,'Belarus','Portugal',0000000004,0000000012),(2020,'Belarus','Israel',0000000005,0000000010),(2020,'Switzerland','Bosnia and Herzegovina',0000000008,0000000003),(2020,'Switzerland','Bulgaria',0000000010,0000000002),(2020,'Switzerland','Azerbaijan',0000000004,0000000008),(2020,'Switzerland','Albania',0000000002,0000000001),(2020,'Switzerland','Malta',0000000003,0000000004),(2020,'Switzerland','Moldova',0000000007,0000000005),(2020,'Switzerland','Germany',0000000005,0000000012),(2020,'Switzerland','Portugal',0000000012,0000000010),(2020,'Switzerland','Ukraine',0000000006,0000000007),(2020,'Switzerland','San Marino',0000000001,0000000006),(2020,'Bosnia and Herzegovina','Israel',0000000010,0000000008),(2020,'Bosnia and Herzegovina','Portugal',0000000002,0000000006),(2020,'Bosnia and Herzegovina','Russia',0000000007,0000000001),(2020,'Bosnia and Herzegovina','Italy',0000000012,0000000003),(2020,'Bosnia and Herzegovina','Germany',0000000008,0000000005),(2020,'Bosnia and Herzegovina','Georgia',0000000003,0000000012),(2020,'Bosnia and Herzegovina','Cyprus',0000000001,0000000002),(2020,'Bosnia and Herzegovina','San Marino',0000000005,0000000004),(2020,'Bosnia and Herzegovina','Ukraine',0000000006,0000000007),(2020,'Bosnia and Herzegovina','Switzerland',0000000004,0000000010),(2020,'Israel','Croatia',0000000005,0000000002),(2020,'Israel','Cyprus',0000000006,0000000003),(2020,'Israel','Ukraine',0000000002,0000000008),(2020,'Israel','Bulgaria',0000000007,0000000012),(2020,'Israel','Russia',0000000010,0000000007),(2020,'Israel','Sweden',0000000004,0000000010),(2020,'Israel','Belarus',0000000003,0000000005),(2020,'Israel','Germany',0000000008,0000000001),(2020,'Israel','Malta',0000000001,0000000006),(2020,'Israel','Georgia',0000000012,0000000004),(2020,'Russia','Slovenia',0000000012,0000000001),(2020,'Russia','Bosnia and Herzegovina',0000000004,0000000003),(2020,'Russia','North Macedonia',0000000005,0000000008),(2020,'Russia','Bulgaria',0000000010,0000000004),(2020,'Russia','Austria',0000000008,0000000002),(2020,'Russia','Cyprus',0000000001,0000000007),(2020,'Russia','Ukraine',0000000006,0000000012),(2020,'Russia','Italy',0000000003,0000000005),(2020,'Russia','Azerbaijan',0000000007,0000000006),(2020,'Russia','Lithuania',0000000002,0000000010),(2020,'Malta','Slovenia',0000000004,0000000008),(2020,'Malta','Romania',0000000002,0000000005),(2020,'Malta','Russia',0000000003,0000000012),(2020,'Malta','Italy',0000000007,0000000007),(2020,'Malta','Austria',0000000005,0000000004),(2020,'Malta','Israel',0000000008,0000000010),(2020,'Malta','Moldova',0000000010,0000000003),(2020,'Malta','Croatia',0000000006,0000000002),(2020,'Malta','San Marino',0000000001,0000000006),(2020,'Malta','Portugal',0000000012,0000000001),(2020,'San Marino','Sweden',0000000004,0000000006),(2020,'San Marino','Switzerland',0000000003,0000000010),(2020,'San Marino','Russia',0000000002,0000000002),(2020,'San Marino','Portugal',0000000007,0000000007),(2020,'San Marino','Bulgaria',0000000010,0000000008),(2020,'San Marino','Romania',0000000012,0000000012),(2020,'San Marino','Belarus',0000000001,0000000001),(2020,'San Marino','Georgia',0000000006,0000000005),(2020,'San Marino','Italy',0000000008,0000000003),(2020,'San Marino','Austria',0000000005,0000000004),(2020,'Bulgaria','Austria',0000000004,0000000012),(2020,'Bulgaria','Georgia',0000000003,0000000002),(2020,'Bulgaria','Albania',0000000010,0000000001),(2020,'Bulgaria','Israel',0000000012,0000000004),(2020,'Bulgaria','Italy',0000000001,0000000010),(2020,'Bulgaria','Slovenia',0000000008,0000000003),(2020,'Bulgaria','Moldova',0000000005,0000000005),(2020,'Bulgaria','Germany',0000000007,0000000006),(2020,'Bulgaria','Cyprus',0000000002,0000000008),(2020,'Bulgaria','Azerbaijan',0000000006,0000000007),(2020,'Moldova','North Macedonia',0000000010,0000000007),(2020,'Moldova','Slovenia',0000000012,0000000008),(2020,'Moldova','Germany',0000000008,0000000002),(2020,'Moldova','Portugal',0000000002,0000000005),(2020,'Moldova','Ukraine',0000000005,0000000001),(2020,'Moldova','Bulgaria',0000000001,0000000006),(2020,'Moldova','San Marino',0000000004,0000000010),(2020,'Moldova','Belarus',0000000003,0000000004),(2020,'Moldova','Georgia',0000000007,0000000012),(2020,'Moldova','Lithuania',0000000006,0000000003),(2020,'Ukraine','Romania',0000000001,0000000003),(2020,'Ukraine','Israel',0000000004,0000000012),(2020,'Ukraine','Monaco',0000000008,0000000004),(2020,'Ukraine','Georgia',0000000002,0000000002),(2020,'Ukraine','Russia',0000000010,0000000008),(2020,'Ukraine','North Macedonia',0000000012,0000000001),(2020,'Ukraine','Moldova',0000000007,0000000006),(2020,'Ukraine','Azerbaijan',0000000006,0000000010),(2020,'Ukraine','Slovenia',0000000005,0000000007),(2020,'Ukraine','Croatia',0000000003,0000000005),(2020,'Romania','Cyprus',0000000012,0000000002),(2020,'Romania','Belarus',0000000002,0000000006),(2020,'Romania','Russia',0000000007,0000000010),(2020,'Romania','Italy',0000000010,0000000012),(2020,'Romania','Switzerland',0000000006,0000000001),(2020,'Romania','Croatia',0000000003,0000000004),(2020,'Romania','Azerbaijan',0000000008,0000000005),(2020,'Romania','Bulgaria',0000000005,0000000003),(2020,'Romania','Germany',0000000004,0000000007),(2020,'Romania','North Macedonia',0000000001,0000000008),(2020,'Georgia','Portugal',0000000003,0000000007),(2020,'Georgia','Romania',0000000002,0000000012),(2020,'Georgia','Switzerland',0000000007,0000000006),(2020,'Georgia','Sweden',0000000001,0000000005),(2020,'Georgia','Austria',0000000006,0000000002),(2020,'Georgia','Croatia',0000000008,0000000008),(2020,'Georgia','Lithuania',0000000004,0000000001),(2020,'Georgia','Slovenia',0000000010,0000000003),(2020,'Georgia','Ukraine',0000000005,0000000004),(2020,'Georgia','Belarus',0000000012,0000000010),(2020,'Portugal','Albania',0000000006,0000000007),(2020,'Portugal','Georgia',0000000010,0000000003),(2020,'Portugal','Malta',0000000001,0000000008),(2020,'Portugal','Azerbaijan',0000000008,0000000001),(2020,'Portugal','Austria',0000000004,0000000006),(2020,'Portugal','Israel',0000000012,0000000004),(2020,'Portugal','Russia',0000000003,0000000012),(2020,'Portugal','Slovenia',0000000005,0000000005),(2020,'Portugal','North Macedonia',0000000002,0000000010),(2020,'Portugal','Bulgaria',0000000007,0000000002),(2020,'Sweden','Switzerland',0000000002,0000000002),(2020,'Sweden','Moldova',0000000007,0000000005),(2020,'Sweden','Ukraine',0000000004,0000000010),(2020,'Sweden','Georgia',0000000003,0000000006),(2020,'Sweden','Malta',0000000001,0000000008),(2020,'Sweden','Italy',0000000005,0000000007),(2020,'Sweden','Slovenia',0000000006,0000000004),(2020,'Sweden','Germany',0000000008,0000000001),(2020,'Sweden','Romania',0000000010,0000000003),(2020,'Sweden','Cyprus',0000000012,0000000012),(2020,'Austria','Moldova',0000000004,0000000007),(2020,'Austria','Israel',0000000002,0000000010),(2020,'Austria','Cyprus',0000000006,0000000012),(2020,'Austria','Belarus',0000000010,0000000005),(2020,'Austria','Romania',0000000008,0000000004),(2020,'Austria','Sweden',0000000005,0000000001),(2020,'Austria','Russia',0000000012,0000000002),(2020,'Austria','Italy',0000000003,0000000006),(2020,'Austria','Azerbaijan',0000000001,0000000003),(2020,'Austria','Germany',0000000007,0000000008),(2020,'Monaco','Georgia',0000000001,0000000005),(2020,'Monaco','Romania',0000000007,0000000008),(2020,'Monaco','North Macedonia',0000000002,0000000007),(2020,'Monaco','Slovenia',0000000006,0000000003),(2020,'Monaco','Albania',0000000012,0000000004),(2020,'Monaco','Cyprus',0000000005,0000000012),(2020,'Monaco','Moldova',0000000003,0000000010),(2020,'Monaco','Austria',0000000004,0000000001),(2020,'Monaco','Belarus',0000000008,0000000002),(2020,'Monaco','Switzerland',0000000010,0000000006),(2020,'Croatia','Portugal',0000000005,0000000006),(2020,'Croatia','San Marino',0000000010,0000000004),(2020,'Croatia','Slovenia',0000000006,0000000002),(2020,'Croatia','Italy',0000000001,0000000012),(2020,'Croatia','North Macedonia',0000000007,0000000005),(2020,'Croatia','Malta',0000000003,0000000008),(2020,'Croatia','Monaco',0000000004,0000000001),(2020,'Croatia','Sweden',0000000002,0000000007),(2020,'Croatia','Romania',0000000012,0000000010),(2020,'Croatia','Azerbaijan',0000000008,0000000003),(2020,'Albania','Cyprus',0000000006,0000000007),(2020,'Albania','Belarus',0000000004,0000000002),(2020,'Albania','Sweden',0000000010,0000000008),(2020,'Albania','Lithuania',0000000008,0000000010),(2020,'Albania','Georgia',0000000007,0000000004),(2020,'Albania','Azerbaijan',0000000001,0000000005),(2020,'Albania','San Marino',0000000003,0000000012),(2020,'Albania','Slovenia',0000000002,0000000003),(2020,'Albania','Croatia',0000000005,0000000001),(2020,'Albania','Switzerland',0000000012,0000000006),(2020,'Italy','Sweden',0000000002,0000000007),(2020,'Italy','San Marino',0000000005,0000000008),(2020,'Italy','Bosnia and Herzegovina',0000000006,0000000004),(2020,'Italy','Belarus',0000000010,0000000002),(2020,'Italy','Ukraine',0000000007,0000000001),(2020,'Italy','Germany',0000000001,0000000010),(2020,'Italy','Romania',0000000008,0000000003),(2020,'Italy','Croatia',0000000004,0000000012),(2020,'Italy','Moldova',0000000003,0000000006),(2020,'Italy','Georgia',0000000012,0000000005),(2020,'Germany','North Macedonia',0000000008,0000000004),(2020,'Germany','Austria',0000000003,0000000002),(2020,'Germany','Moldova',0000000006,0000000007),(2020,'Germany','Slovenia',0000000004,0000000010),(2020,'Germany','Ukraine',0000000007,0000000012),(2020,'Germany','Russia',0000000010,0000000006),(2020,'Germany','Romania',0000000001,0000000001),(2020,'Germany','Bosnia and Herzegovina',0000000002,0000000005),(2020,'Germany','Belarus',0000000005,0000000008),(2020,'Germany','Israel',0000000012,0000000003),(2020,'North Macedonia','San Marino',0000000007,0000000003),(2020,'North Macedonia','Italy',0000000005,0000000007),(2020,'North Macedonia','Cyprus',0000000002,0000000004),(2020,'North Macedonia','Bosnia and Herzegovina',0000000006,0000000001),(2020,'North Macedonia','Belarus',0000000004,0000000006),(2020,'North Macedonia','Moldova',0000000003,0000000010),(2020,'North Macedonia','Croatia',0000000001,0000000012),(2020,'North Macedonia','Israel',0000000008,0000000008),(2020,'North Macedonia','Switzerland',0000000010,0000000002),(2020,'North Macedonia','Sweden',0000000012,0000000005),(2020,'Lithuania','Germany',0000000008,0000000007),(2020,'Lithuania','Russia',0000000006,0000000003),(2020,'Lithuania','Croatia',0000000001,0000000004),(2020,'Lithuania','Monaco',0000000010,0000000001),(2020,'Lithuania','Switzerland',0000000007,0000000010),(2020,'Lithuania','Albania',0000000003,0000000006),(2020,'Lithuania','Italy',0000000012,0000000002),(2020,'Lithuania','Bosnia and Herzegovina',0000000004,0000000008),(2020,'Lithuania','Cyprus',0000000002,0000000005),(2020,'Lithuania','Belarus',0000000005,0000000012),(2019,'San Marino','Switzerland',0000000005,0000000012),(2019,'San Marino','North Macedonia',0000000006,0000000006),(2019,'San Marino','Netherlands',0000000012,0000000007),(2019,'San Marino','Malta',0000000003,0000000004),(2019,'San Marino','Albania',0000000007,0000000008),(2019,'San Marino','Iceland',0000000001,0000000005),(2019,'San Marino','Czech Republic',0000000002,0000000001),(2019,'San Marino','Luxembourg',0000000010,0000000002),(2019,'San Marino','Denmark',0000000004,0000000003),(2019,'San Marino','France',0000000008,0000000010),(2019,'France','Greece',0000000002,0000000002),(2019,'France','Andorra',0000000007,0000000001),(2019,'France','Czech Republic',0000000012,0000000005),(2019,'France','Montenegro',0000000001,0000000004),(2019,'France','Lithuania',0000000005,0000000008),(2019,'France','Belgium',0000000008,0000000007),(2019,'France','Ireland',0000000004,0000000003),(2019,'France','Switzerland',0000000010,0000000006),(2019,'France','Iceland',0000000003,0000000012),(2019,'France','Luxembourg',0000000006,0000000010),(2019,'Luxembourg','North Macedonia',0000000004,0000000012),(2019,'Luxembourg','Netherlands',0000000012,0000000001),(2019,'Luxembourg','Slovenia',0000000005,0000000006),(2019,'Luxembourg','Andorra',0000000008,0000000003),(2019,'Luxembourg','Estonia',0000000001,0000000010),(2019,'Luxembourg','Belgium',0000000003,0000000007),(2019,'Luxembourg','Czech Republic',0000000010,0000000002),(2019,'Luxembourg','Greece',0000000007,0000000008),(2019,'Luxembourg','Ireland',0000000006,0000000005),(2019,'Luxembourg','Georgia',0000000002,0000000004),(2019,'Czech Republic','Switzerland',0000000008,0000000010),(2019,'Czech Republic','Georgia',0000000004,0000000006),(2019,'Czech Republic','Ireland',0000000007,0000000004),(2019,'Czech Republic','Netherlands',0000000002,0000000003),(2019,'Czech Republic','Montenegro',0000000005,0000000005),(2019,'Czech Republic','France',0000000006,0000000012),(2019,'Czech Republic','Greece',0000000003,0000000002),(2019,'Czech Republic','Iceland',0000000001,0000000008),(2019,'Czech Republic','Portugal',0000000012,0000000007),(2019,'Czech Republic','San Marino',0000000010,0000000001),(2019,'Ireland','Belgium',0000000005,0000000003),(2019,'Ireland','Albania',0000000012,0000000005),(2019,'Ireland','Switzerland',0000000001,0000000007),(2019,'Ireland','Portugal',0000000002,0000000004),(2019,'Ireland','Iceland',0000000010,0000000010),(2019,'Ireland','Greece',0000000003,0000000012),(2019,'Ireland','San Marino',0000000004,0000000001),(2019,'Ireland','Netherlands',0000000007,0000000006),(2019,'Ireland','Estonia',0000000008,0000000008),(2019,'Ireland','Israel',0000000006,0000000002),(2019,'Switzerland','Georgia',0000000001,0000000010),(2019,'Switzerland','Israel',0000000008,0000000007),(2019,'Switzerland','Montenegro',0000000010,0000000005),(2019,'Switzerland','Spain',0000000007,0000000002),(2019,'Switzerland','Lithuania',0000000002,0000000006),(2019,'Switzerland','Estonia',0000000003,0000000001),(2019,'Switzerland','Malta',0000000006,0000000003),(2019,'Switzerland','Slovenia',0000000012,0000000008),(2019,'Switzerland','Germany',0000000005,0000000004),(2019,'Switzerland','Luxembourg',0000000004,0000000012),(2019,'Slovenia','Czech Republic',0000000008,0000000004),(2019,'Slovenia','Ireland',0000000005,0000000005),(2019,'Slovenia','Israel',0000000007,0000000002),(2019,'Slovenia','Germany',0000000001,0000000007),(2019,'Slovenia','Netherlands',0000000006,0000000012),(2019,'Slovenia','Latvia',0000000012,0000000010),(2019,'Slovenia','Montenegro',0000000004,0000000008),(2019,'Slovenia','Albania',0000000002,0000000006),(2019,'Slovenia','Greece',0000000010,0000000001),(2019,'Slovenia','San Marino',0000000003,0000000003),(2019,'Israel','Netherlands',0000000001,0000000012),(2019,'Israel','Slovenia',0000000004,0000000010),(2019,'Israel','Georgia',0000000010,0000000008),(2019,'Israel','Montenegro',0000000007,0000000004),(2019,'Israel','Andorra',0000000003,0000000007),(2019,'Israel','Portugal',0000000002,0000000002),(2019,'Israel','France',0000000008,0000000001),(2019,'Israel','North Macedonia',0000000005,0000000003),(2019,'Israel','Germany',0000000012,0000000005),(2019,'Israel','Lithuania',0000000006,0000000006),(2019,'Belgium','Switzerland',0000000008,0000000001),(2019,'Belgium','Denmark',0000000010,0000000005),(2019,'Belgium','Spain',0000000006,0000000008),(2019,'Belgium','Montenegro',0000000007,0000000012),(2019,'Belgium','Lithuania',0000000001,0000000006),(2019,'Belgium','Latvia',0000000012,0000000007),(2019,'Belgium','Ireland',0000000003,0000000003),(2019,'Belgium','Slovenia',0000000004,0000000010),(2019,'Belgium','Israel',0000000002,0000000004),(2019,'Belgium','Netherlands',0000000005,0000000002),(2019,'North Macedonia','Latvia',0000000005,0000000008),(2019,'North Macedonia','Albania',0000000007,0000000007),(2019,'North Macedonia','Belgium',0000000002,0000000010),(2019,'North Macedonia','Greece',0000000012,0000000006),(2019,'North Macedonia','Czech Republic',0000000001,0000000004),(2019,'North Macedonia','Portugal',0000000010,0000000001),(2019,'North Macedonia','Switzerland',0000000003,0000000003),(2019,'North Macedonia','Spain',0000000004,0000000005),(2019,'North Macedonia','Iceland',0000000008,0000000012),(2019,'North Macedonia','Estonia',0000000006,0000000002),(2019,'Netherlands','Germany',0000000003,0000000001),(2019,'Netherlands','Greece',0000000001,0000000003),(2019,'Netherlands','Portugal',0000000004,0000000002),(2019,'Netherlands','San Marino',0000000008,0000000010),(2019,'Netherlands','Switzerland',0000000005,0000000008),(2019,'Netherlands','Georgia',0000000002,0000000005),(2019,'Netherlands','France',0000000010,0000000007),(2019,'Netherlands','Iceland',0000000006,0000000012),(2019,'Netherlands','Slovenia',0000000007,0000000004),(2019,'Netherlands','Spain',0000000012,0000000006),(2019,'Lithuania','Netherlands',0000000002,0000000006),(2019,'Lithuania','Czech Republic',0000000001,0000000008),(2019,'Lithuania','Malta',0000000010,0000000001),(2019,'Lithuania','France',0000000012,0000000012),(2019,'Lithuania','Switzerland',0000000003,0000000002),(2019,'Lithuania','Iceland',0000000005,0000000004),(2019,'Lithuania','Andorra',0000000008,0000000010),(2019,'Lithuania','Belgium',0000000006,0000000003),(2019,'Lithuania','Ireland',0000000004,0000000007),(2019,'Lithuania','Latvia',0000000007,0000000005),(2019,'Andorra','Montenegro',0000000007,0000000004),(2019,'Andorra','Latvia',0000000010,0000000008),(2019,'Andorra','Slovenia',0000000005,0000000003),(2019,'Andorra','Estonia',0000000002,0000000002),(2019,'Andorra','San Marino',0000000003,0000000005),(2019,'Andorra','Malta',0000000004,0000000012),(2019,'Andorra','Israel',0000000006,0000000001),(2019,'Andorra','Belgium',0000000008,0000000007),(2019,'Andorra','France',0000000012,0000000006),(2019,'Andorra','Portugal',0000000001,0000000010),(2019,'Iceland','Germany',0000000002,0000000004),(2019,'Iceland','Switzerland',0000000005,0000000001),(2019,'Iceland','San Marino',0000000004,0000000010),(2019,'Iceland','Albania',0000000012,0000000002),(2019,'Iceland','Andorra',0000000006,0000000005),(2019,'Iceland','Israel',0000000008,0000000008),(2019,'Iceland','Latvia',0000000001,0000000003),(2019,'Iceland','France',0000000010,0000000006),(2019,'Iceland','Luxembourg',0000000003,0000000007),(2019,'Iceland','Estonia',0000000007,0000000012),(2019,'Montenegro','Belgium',0000000004,0000000005),(2019,'Montenegro','Lithuania',0000000012,0000000010),(2019,'Montenegro','Spain',0000000010,0000000006),(2019,'Montenegro','Greece',0000000003,0000000008),(2019,'Montenegro','Denmark',0000000008,0000000001),(2019,'Montenegro','Luxembourg',0000000002,0000000004),(2019,'Montenegro','Germany',0000000007,0000000007),(2019,'Montenegro','Andorra',0000000005,0000000012),(2019,'Montenegro','Israel',0000000006,0000000002),(2019,'Montenegro','France',0000000001,0000000003),(2019,'Estonia','Spain',0000000010,0000000007),(2019,'Estonia','Malta',0000000012,0000000006),(2019,'Estonia','Netherlands',0000000006,0000000008),(2019,'Estonia','Georgia',0000000008,0000000001),(2019,'Estonia','Montenegro',0000000001,0000000002),(2019,'Estonia','Denmark',0000000003,0000000010),(2019,'Estonia','Andorra',0000000007,0000000004),(2019,'Estonia','Portugal',0000000005,0000000003),(2019,'Estonia','Slovenia',0000000002,0000000005),(2019,'Estonia','France',0000000004,0000000012),(2019,'Latvia','Estonia',0000000002,0000000003),(2019,'Latvia','Switzerland',0000000006,0000000005),(2019,'Latvia','Luxembourg',0000000001,0000000004),(2019,'Latvia','Malta',0000000003,0000000006),(2019,'Latvia','Israel',0000000007,0000000002),(2019,'Latvia','Lithuania',0000000008,0000000007),(2019,'Latvia','San Marino',0000000010,0000000012),(2019,'Latvia','Belgium',0000000004,0000000008),(2019,'Latvia','Montenegro',0000000005,0000000010),(2019,'Latvia','Iceland',0000000012,0000000001),(2019,'Germany','Ireland',0000000007,0000000012),(2019,'Germany','Montenegro',0000000002,0000000004),(2019,'Germany','Andorra',0000000004,0000000002),(2019,'Germany','Latvia',0000000003,0000000010),(2019,'Germany','Georgia',0000000008,0000000001),(2019,'Germany','Netherlands',0000000005,0000000003),(2019,'Germany','Denmark',0000000012,0000000007),(2019,'Germany','Estonia',0000000001,0000000008),(2019,'Germany','Israel',0000000006,0000000006),(2019,'Germany','Lithuania',0000000010,0000000005),(2019,'Georgia','Israel',0000000007,0000000007),(2019,'Georgia','North Macedonia',0000000003,0000000004),(2019,'Georgia','Germany',0000000008,0000000008),(2019,'Georgia','Estonia',0000000006,0000000006),(2019,'Georgia','Switzerland',0000000004,0000000001),(2019,'Georgia','Czech Republic',0000000001,0000000010),(2019,'Georgia','Luxembourg',0000000005,0000000005),(2019,'Georgia','San Marino',0000000010,0000000002),(2019,'Georgia','Malta',0000000012,0000000003),(2019,'Georgia','France',0000000002,0000000012),(2019,'Portugal','Estonia',0000000002,0000000001),(2019,'Portugal','Belgium',0000000001,0000000006),(2019,'Portugal','Greece',0000000008,0000000007),(2019,'Portugal','Denmark',0000000010,0000000012),(2019,'Portugal','Iceland',0000000005,0000000002),(2019,'Portugal','Netherlands',0000000004,0000000003),(2019,'Portugal','Luxembourg',0000000007,0000000004),(2019,'Portugal','Andorra',0000000012,0000000008),(2019,'Portugal','North Macedonia',0000000006,0000000005),(2019,'Portugal','France',0000000003,0000000010),(2019,'Albania','Germany',0000000001,0000000001),(2019,'Albania','Iceland',0000000008,0000000003),(2019,'Albania','Portugal',0000000012,0000000008),(2019,'Albania','Belgium',0000000003,0000000007),(2019,'Albania','Slovenia',0000000004,0000000006),(2019,'Albania','France',0000000007,0000000010),(2019,'Albania','Estonia',0000000010,0000000005),(2019,'Albania','Switzerland',0000000006,0000000004),(2019,'Albania','Israel',0000000002,0000000002),(2019,'Albania','Georgia',0000000005,0000000012),(2019,'Denmark','Germany',0000000008,0000000010),(2019,'Denmark','Andorra',0000000002,0000000012),(2019,'Denmark','North Macedonia',0000000010,0000000002),(2019,'Denmark','Montenegro',0000000004,0000000008),(2019,'Denmark','Latvia',0000000012,0000000007),(2019,'Denmark','San Marino',0000000007,0000000004),(2019,'Denmark','Iceland',0000000003,0000000005),(2019,'Denmark','Georgia',0000000005,0000000001),(2019,'Denmark','Malta',0000000001,0000000003),(2019,'Denmark','Belgium',0000000006,0000000006),(2019,'Malta','Germany',0000000004,0000000002),(2019,'Malta','Greece',0000000008,0000000010),(2019,'Malta','Ireland',0000000002,0000000008),(2019,'Malta','Belgium',0000000001,0000000006),(2019,'Malta','Estonia',0000000003,0000000012),(2019,'Malta','Spain',0000000006,0000000005),(2019,'Malta','Georgia',0000000007,0000000007),(2019,'Malta','Lithuania',0000000012,0000000004),(2019,'Malta','San Marino',0000000010,0000000003),(2019,'Malta','Switzerland',0000000005,0000000001),(2019,'Greece','Luxembourg',0000000006,0000000010),(2019,'Greece','Andorra',0000000008,0000000005),(2019,'Greece','Latvia',0000000002,0000000008),(2019,'Greece','Switzerland',0000000010,0000000012),(2019,'Greece','Israel',0000000004,0000000001),(2019,'Greece','Estonia',0000000001,0000000007),(2019,'Greece','France',0000000003,0000000006),(2019,'Greece','Malta',0000000012,0000000004),(2019,'Greece','Ireland',0000000007,0000000002),(2019,'Greece','Czech Republic',0000000005,0000000003),(2019,'Spain','Switzerland',0000000005,0000000004),(2019,'Spain','Germany',0000000012,0000000010),(2019,'Spain','Lithuania',0000000008,0000000012),(2019,'Spain','Luxembourg',0000000006,0000000006),(2019,'Spain','Portugal',0000000001,0000000002),(2019,'Spain','San Marino',0000000007,0000000003),(2019,'Spain','Malta',0000000004,0000000008),(2019,'Spain','Denmark',0000000003,0000000001),(2019,'Spain','Georgia',0000000010,0000000007),(2019,'Spain','Ireland',0000000002,0000000005),(2018,'Netherlands','Australia',0000000006,0000000010),(2018,'Netherlands','France',0000000004,0000000008),(2018,'Netherlands','Estonia',0000000001,0000000001),(2018,'Netherlands','Luxembourg',0000000012,0000000012),(2018,'Netherlands','Azerbaijan',0000000002,0000000003),(2018,'Netherlands','Montenegro',0000000005,0000000005),(2018,'Netherlands','Belgium',0000000007,0000000004),(2018,'Netherlands','Iceland',0000000003,0000000006),(2018,'Netherlands','Albania',0000000010,0000000002),(2018,'Netherlands','Latvia',0000000008,0000000007),(2018,'Azerbaijan','Portugal',0000000006,0000000008),(2018,'Azerbaijan','Norway',0000000003,0000000005),(2018,'Azerbaijan','Yugoslavia',0000000001,0000000006),(2018,'Azerbaijan','Estonia',0000000008,0000000012),(2018,'Azerbaijan','Iceland',0000000005,0000000007),(2018,'Azerbaijan','Germany',0000000007,0000000002),(2018,'Azerbaijan','Moldova',0000000002,0000000003),(2018,'Azerbaijan','Montenegro',0000000012,0000000010),(2018,'Azerbaijan','Luxembourg',0000000004,0000000001),(2018,'Azerbaijan','Russia',0000000010,0000000004),(2018,'Cyprus','Lithuania',0000000006,0000000010),(2018,'Cyprus','Serbia',0000000003,0000000007),(2018,'Cyprus','Netherlands',0000000012,0000000003),(2018,'Cyprus','Norway',0000000005,0000000006),(2018,'Cyprus','Turkey',0000000002,0000000001),(2018,'Cyprus','Australia',0000000007,0000000002),(2018,'Cyprus','Azerbaijan',0000000010,0000000005),(2018,'Cyprus','Ireland',0000000004,0000000008),(2018,'Cyprus','Germany',0000000001,0000000012),(2018,'Cyprus','Sweden',0000000008,0000000004),(2018,'France','Serbia',0000000003,0000000008),(2018,'France','Norway',0000000007,0000000003),(2018,'France','Iceland',0000000010,0000000006),(2018,'France','Ireland',0000000002,0000000010),(2018,'France','Montenegro',0000000004,0000000005),(2018,'France','Slovakia',0000000005,0000000001),(2018,'France','Yugoslavia',0000000006,0000000012),(2018,'France','Belgium',0000000001,0000000004),(2018,'France','Latvia',0000000012,0000000002),(2018,'France','Lithuania',0000000008,0000000007),(2018,'Montenegro','Belgium',0000000001,0000000001),(2018,'Montenegro','Australia',0000000010,0000000012),(2018,'Montenegro','Moldova',0000000002,0000000007),(2018,'Montenegro','Latvia',0000000007,0000000008),(2018,'Montenegro','Netherlands',0000000004,0000000006),(2018,'Montenegro','Ireland',0000000006,0000000010),(2018,'Montenegro','Iceland',0000000005,0000000002),(2018,'Montenegro','Azerbaijan',0000000008,0000000004),(2018,'Montenegro','Turkey',0000000003,0000000005),(2018,'Montenegro','Russia',0000000012,0000000003),(2018,'Moldova','Sweden',0000000006,0000000007),(2018,'Moldova','Portugal',0000000010,0000000004),(2018,'Moldova','Netherlands',0000000012,0000000012),(2018,'Moldova','Estonia',0000000001,0000000002),(2018,'Moldova','Azerbaijan',0000000008,0000000006),(2018,'Moldova','France',0000000004,0000000005),(2018,'Moldova','Lithuania',0000000005,0000000003),(2018,'Moldova','Turkey',0000000002,0000000010),(2018,'Moldova','Ireland',0000000003,0000000001),(2018,'Moldova','Belgium',0000000007,0000000008),(2018,'Albania','Iceland',0000000003,0000000005),(2018,'Albania','Slovakia',0000000001,0000000001),(2018,'Albania','Ireland',0000000010,0000000008),(2018,'Albania','Portugal',0000000004,0000000003),(2018,'Albania','Monaco',0000000012,0000000004),(2018,'Albania','Azerbaijan',0000000007,0000000002),(2018,'Albania','Lithuania',0000000008,0000000012),(2018,'Albania','Belgium',0000000006,0000000006),(2018,'Albania','Turkey',0000000002,0000000010),(2018,'Albania','Cyprus',0000000005,0000000007),(2018,'Germany','Lithuania',0000000005,0000000008),(2018,'Germany','Norway',0000000006,0000000010),(2018,'Germany','Belgium',0000000012,0000000003),(2018,'Germany','Australia',0000000008,0000000001),(2018,'Germany','Turkey',0000000007,0000000007),(2018,'Germany','France',0000000001,0000000004),(2018,'Germany','Slovakia',0000000004,0000000002),(2018,'Germany','Sweden',0000000003,0000000006),(2018,'Germany','Albania',0000000010,0000000012),(2018,'Germany','Estonia',0000000002,0000000005),(2018,'Monaco','Turkey',0000000012,0000000001),(2018,'Monaco','Estonia',0000000007,0000000002),(2018,'Monaco','Serbia',0000000004,0000000005),(2018,'Monaco','Iceland',0000000010,0000000008),(2018,'Monaco','Portugal',0000000008,0000000003),(2018,'Monaco','Cyprus',0000000005,0000000004),(2018,'Monaco','Germany',0000000001,0000000007),(2018,'Monaco','Belgium',0000000003,0000000012),(2018,'Monaco','Latvia',0000000006,0000000006),(2018,'Monaco','Lithuania',0000000002,0000000010),(2018,'Latvia','Lithuania',0000000010,0000000004),(2018,'Latvia','Russia',0000000002,0000000001),(2018,'Latvia','Moldova',0000000006,0000000003),(2018,'Latvia','Cyprus',0000000007,0000000012),(2018,'Latvia','Turkey',0000000004,0000000010),(2018,'Latvia','Australia',0000000003,0000000002),(2018,'Latvia','Yugoslavia',0000000005,0000000006),(2018,'Latvia','Norway',0000000008,0000000008),(2018,'Latvia','Germany',0000000001,0000000007),(2018,'Latvia','Estonia',0000000012,0000000005),(2018,'Sweden','Australia',0000000008,0000000012),(2018,'Sweden','Yugoslavia',0000000005,0000000008),(2018,'Sweden','Luxembourg',0000000010,0000000004),(2018,'Sweden','Russia',0000000001,0000000005),(2018,'Sweden','Serbia',0000000007,0000000006),(2018,'Sweden','Ireland',0000000006,0000000001),(2018,'Sweden','Belgium',0000000003,0000000002),(2018,'Sweden','Turkey',0000000004,0000000007),(2018,'Sweden','Netherlands',0000000002,0000000003),(2018,'Sweden','Monaco',0000000012,0000000010),(2018,'Estonia','Moldova',0000000012,0000000010),(2018,'Estonia','Iceland',0000000006,0000000008),(2018,'Estonia','France',0000000003,0000000001),(2018,'Estonia','Latvia',0000000001,0000000006),(2018,'Estonia','Netherlands',0000000002,0000000002),(2018,'Estonia','Montenegro',0000000005,0000000003),(2018,'Estonia','Luxembourg',0000000008,0000000004),(2018,'Estonia','Lithuania',0000000010,0000000005),(2018,'Estonia','Monaco',0000000004,0000000007),(2018,'Estonia','Yugoslavia',0000000007,0000000012),(2018,'Russia','France',0000000005,0000000001),(2018,'Russia','Serbia',0000000004,0000000003),(2018,'Russia','Iceland',0000000007,0000000006),(2018,'Russia','Sweden',0000000008,0000000010),(2018,'Russia','Azerbaijan',0000000003,0000000008),(2018,'Russia','Norway',0000000001,0000000012),(2018,'Russia','Luxembourg',0000000006,0000000007),(2018,'Russia','Netherlands',0000000010,0000000004),(2018,'Russia','Montenegro',0000000012,0000000005),(2018,'Russia','Latvia',0000000002,0000000002),(2018,'Yugoslavia','Germany',0000000002,0000000006),(2018,'Yugoslavia','Montenegro',0000000010,0000000005),(2018,'Yugoslavia','Albania',0000000008,0000000008),(2018,'Yugoslavia','Portugal',0000000005,0000000007),(2018,'Yugoslavia','Latvia',0000000012,0000000001),(2018,'Yugoslavia','Netherlands',0000000007,0000000004),(2018,'Yugoslavia','Serbia',0000000001,0000000002),(2018,'Yugoslavia','Belgium',0000000006,0000000012),(2018,'Yugoslavia','Norway',0000000003,0000000003),(2018,'Yugoslavia','Luxembourg',0000000004,0000000010),(2018,'Turkey','Australia',0000000012,0000000007),(2018,'Turkey','Azerbaijan',0000000002,0000000003),(2018,'Turkey','Russia',0000000001,0000000004),(2018,'Turkey','Portugal',0000000005,0000000012),(2018,'Turkey','Ireland',0000000008,0000000001),(2018,'Turkey','Albania',0000000006,0000000006),(2018,'Turkey','Netherlands',0000000007,0000000002),(2018,'Turkey','Sweden',0000000003,0000000010),(2018,'Turkey','Iceland',0000000010,0000000005),(2018,'Turkey','France',0000000004,0000000008),(2018,'Belgium','Lithuania',0000000004,0000000006),(2018,'Belgium','Russia',0000000006,0000000010),(2018,'Belgium','Australia',0000000012,0000000003),(2018,'Belgium','Netherlands',0000000002,0000000004),(2018,'Belgium','Norway',0000000003,0000000007),(2018,'Belgium','Turkey',0000000010,0000000008),(2018,'Belgium','Monaco',0000000005,0000000002),(2018,'Belgium','France',0000000007,0000000001),(2018,'Belgium','Latvia',0000000001,0000000012),(2018,'Belgium','Sweden',0000000008,0000000005),(2018,'Australia','Luxembourg',0000000002,0000000007),(2018,'Australia','Monaco',0000000007,0000000006),(2018,'Australia','Yugoslavia',0000000010,0000000002),(2018,'Australia','Norway',0000000003,0000000012),(2018,'Australia','Serbia',0000000012,0000000010),(2018,'Australia','Montenegro',0000000006,0000000005),(2018,'Australia','Latvia',0000000001,0000000003),(2018,'Australia','Portugal',0000000005,0000000004),(2018,'Australia','Slovakia',0000000004,0000000008),(2018,'Australia','Azerbaijan',0000000008,0000000001),(2018,'Lithuania','Sweden',0000000003,0000000012),(2018,'Lithuania','Netherlands',0000000004,0000000002),(2018,'Lithuania','Turkey',0000000001,0000000003),(2018,'Lithuania','Ireland',0000000012,0000000010),(2018,'Lithuania','Montenegro',0000000007,0000000001),(2018,'Lithuania','Norway',0000000006,0000000006),(2018,'Lithuania','Russia',0000000002,0000000005),(2018,'Lithuania','Slovakia',0000000005,0000000007),(2018,'Lithuania','Germany',0000000010,0000000004),(2018,'Lithuania','Belgium',0000000008,0000000008),(2018,'Luxembourg','Montenegro',0000000001,0000000001),(2018,'Luxembourg','Serbia',0000000012,0000000008),(2018,'Luxembourg','Slovakia',0000000005,0000000002),(2018,'Luxembourg','Azerbaijan',0000000002,0000000012),(2018,'Luxembourg','Lithuania',0000000007,0000000007),(2018,'Luxembourg','France',0000000004,0000000003),(2018,'Luxembourg','Albania',0000000006,0000000005),(2018,'Luxembourg','Norway',0000000010,0000000004),(2018,'Luxembourg','Ireland',0000000008,0000000006),(2018,'Luxembourg','Iceland',0000000003,0000000010),(2018,'Iceland','Monaco',0000000003,0000000001),(2018,'Iceland','Yugoslavia',0000000007,0000000012),(2018,'Iceland','France',0000000004,0000000007),(2018,'Iceland','Turkey',0000000002,0000000002),(2018,'Iceland','Germany',0000000001,0000000008),(2018,'Iceland','Norway',0000000012,0000000006),(2018,'Iceland','Portugal',0000000008,0000000004),(2018,'Iceland','Latvia',0000000005,0000000005),(2018,'Iceland','Azerbaijan',0000000006,0000000010),(2018,'Iceland','Serbia',0000000010,0000000003),(2018,'Ireland','Moldova',0000000008,0000000012),(2018,'Ireland','Germany',0000000005,0000000003),(2018,'Ireland','Cyprus',0000000003,0000000007),(2018,'Ireland','Lithuania',0000000004,0000000010),(2018,'Ireland','Azerbaijan',0000000010,0000000002),(2018,'Ireland','Australia',0000000006,0000000006),(2018,'Ireland','Iceland',0000000012,0000000004),(2018,'Ireland','France',0000000001,0000000005),(2018,'Ireland','Russia',0000000002,0000000001),(2018,'Ireland','Slovakia',0000000007,0000000008),(2018,'Serbia','Estonia',0000000012,0000000001),(2018,'Serbia','Moldova',0000000010,0000000010),(2018,'Serbia','Slovakia',0000000004,0000000007),(2018,'Serbia','Portugal',0000000002,0000000008),(2018,'Serbia','Albania',0000000003,0000000004),(2018,'Serbia','Azerbaijan',0000000006,0000000005),(2018,'Serbia','Lithuania',0000000007,0000000002),(2018,'Serbia','Luxembourg',0000000001,0000000012),(2018,'Serbia','Iceland',0000000008,0000000006),(2018,'Serbia','Ireland',0000000005,0000000003),(2018,'Norway','Turkey',0000000001,0000000010),(2018,'Norway','Cyprus',0000000005,0000000003),(2018,'Norway','Iceland',0000000003,0000000005),(2018,'Norway','Germany',0000000004,0000000006),(2018,'Norway','Netherlands',0000000006,0000000004),(2018,'Norway','Portugal',0000000007,0000000002),(2018,'Norway','Lithuania',0000000010,0000000008),(2018,'Norway','Sweden',0000000008,0000000001),(2018,'Norway','Russia',0000000012,0000000012),(2018,'Norway','Luxembourg',0000000002,0000000007),(2018,'Slovakia','Estonia',0000000005,0000000002),(2018,'Slovakia','Serbia',0000000006,0000000005),(2018,'Slovakia','Norway',0000000004,0000000003),(2018,'Slovakia','Australia',0000000001,0000000004),(2018,'Slovakia','France',0000000003,0000000010),(2018,'Slovakia','Moldova',0000000008,0000000006),(2018,'Slovakia','Azerbaijan',0000000010,0000000001),(2018,'Slovakia','Yugoslavia',0000000007,0000000012),(2018,'Slovakia','Monaco',0000000002,0000000008),(2018,'Slovakia','Germany',0000000012,0000000007),(2018,'Portugal','Latvia',0000000007,0000000003),(2018,'Portugal','Ireland',0000000005,0000000010),(2018,'Portugal','Sweden',0000000002,0000000002),(2018,'Portugal','Slovakia',0000000004,0000000008),(2018,'Portugal','Monaco',0000000008,0000000012),(2018,'Portugal','Azerbaijan',0000000001,0000000007),(2018,'Portugal','Australia',0000000010,0000000006),(2018,'Portugal','Norway',0000000003,0000000004),(2018,'Portugal','Iceland',0000000012,0000000001),(2018,'Portugal','Yugoslavia',0000000006,0000000005),(2017,'Spain','Austria',0000000007,0000000010),(2017,'Spain','France',0000000005,0000000001),(2017,'Spain','San Marino',0000000008,0000000012),(2017,'Spain','Lithuania',0000000012,0000000002),(2017,'Spain','Azerbaijan',0000000001,0000000008),(2017,'Spain','Russia',0000000006,0000000005),(2017,'Spain','Croatia',0000000003,0000000007),(2017,'Spain','Monaco',0000000010,0000000004),(2017,'Spain','Luxembourg',0000000002,0000000006),(2017,'Spain','Poland',0000000004,0000000003),(2017,'Lithuania','Malta',0000000004,0000000008),(2017,'Lithuania','Azerbaijan',0000000008,0000000007),(2017,'Lithuania','Serbia',0000000003,0000000003),(2017,'Lithuania','Portugal',0000000002,0000000004),(2017,'Lithuania','Russia',0000000007,0000000001),(2017,'Lithuania','Ukraine',0000000012,0000000002),(2017,'Lithuania','San Marino',0000000005,0000000006),(2017,'Lithuania','Switzerland',0000000001,0000000010),(2017,'Lithuania','Latvia',0000000010,0000000005),(2017,'Lithuania','Monaco',0000000006,0000000012),(2017,'Serbia','Russia',0000000010,0000000008),(2017,'Serbia','Moldova',0000000007,0000000007),(2017,'Serbia','Slovakia',0000000004,0000000002),(2017,'Serbia','Croatia',0000000001,0000000006),(2017,'Serbia','Lithuania',0000000005,0000000004),(2017,'Serbia','Yugoslavia',0000000006,0000000001),(2017,'Serbia','San Marino',0000000008,0000000003),(2017,'Serbia','Australia',0000000012,0000000005),(2017,'Serbia','Germany',0000000002,0000000012),(2017,'Serbia','Austria',0000000003,0000000010),(2017,'Moldova','Austria',0000000005,0000000002),(2017,'Moldova','Luxembourg',0000000010,0000000007),(2017,'Moldova','Australia',0000000004,0000000003),(2017,'Moldova','Malta',0000000007,0000000012),(2017,'Moldova','Russia',0000000003,0000000005),(2017,'Moldova','Serbia',0000000001,0000000004),(2017,'Moldova','Slovenia',0000000012,0000000010),(2017,'Moldova','Azerbaijan',0000000002,0000000008),(2017,'Moldova','Yugoslavia',0000000006,0000000006),(2017,'Moldova','Croatia',0000000008,0000000001),(2017,'Germany','Monaco',0000000002,0000000003),(2017,'Germany','France',0000000012,0000000004),(2017,'Germany','Lithuania',0000000004,0000000001),(2017,'Germany','Austria',0000000005,0000000012),(2017,'Germany','Slovakia',0000000001,0000000007),(2017,'Germany','Serbia',0000000008,0000000010),(2017,'Germany','Latvia',0000000010,0000000006),(2017,'Germany','Spain',0000000007,0000000008),(2017,'Germany','Estonia',0000000003,0000000005),(2017,'Germany','Malta',0000000006,0000000002),(2017,'Malta','San Marino',0000000006,0000000010),(2017,'Malta','Azerbaijan',0000000004,0000000006),(2017,'Malta','Moldova',0000000005,0000000003),(2017,'Malta','Latvia',0000000002,0000000012),(2017,'Malta','France',0000000010,0000000001),(2017,'Malta','Spain',0000000001,0000000007),(2017,'Malta','Austria',0000000008,0000000005),(2017,'Malta','Monaco',0000000012,0000000004),(2017,'Malta','Slovenia',0000000007,0000000008),(2017,'Malta','Yugoslavia',0000000003,0000000002),(2017,'Slovakia','Germany',0000000012,0000000012),(2017,'Slovakia','Luxembourg',0000000005,0000000008),(2017,'Slovakia','Serbia',0000000004,0000000002),(2017,'Slovakia','Slovenia',0000000006,0000000007),(2017,'Slovakia','Yugoslavia',0000000002,0000000004),(2017,'Slovakia','Croatia',0000000008,0000000005),(2017,'Slovakia','Estonia',0000000001,0000000003),(2017,'Slovakia','Lithuania',0000000003,0000000006),(2017,'Slovakia','Portugal',0000000007,0000000001),(2017,'Slovakia','Russia',0000000010,0000000010),(2017,'Yugoslavia','Monaco',0000000003,0000000003),(2017,'Yugoslavia','Germany',0000000006,0000000008),(2017,'Yugoslavia','Slovenia',0000000005,0000000005),(2017,'Yugoslavia','Austria',0000000001,0000000012),(2017,'Yugoslavia','Australia',0000000004,0000000006),(2017,'Yugoslavia','Moldova',0000000010,0000000004),(2017,'Yugoslavia','Poland',0000000008,0000000010),(2017,'Yugoslavia','Spain',0000000002,0000000007),(2017,'Yugoslavia','Switzerland',0000000007,0000000002),(2017,'Yugoslavia','France',0000000012,0000000001),(2017,'Albania','Australia',0000000001,0000000005),(2017,'Albania','Lithuania',0000000006,0000000002),(2017,'Albania','Monaco',0000000008,0000000006),(2017,'Albania','Ukraine',0000000007,0000000004),(2017,'Albania','Portugal',0000000012,0000000010),(2017,'Albania','Serbia',0000000010,0000000008),(2017,'Albania','Moldova',0000000004,0000000003),(2017,'Albania','Spain',0000000002,0000000007),(2017,'Albania','Azerbaijan',0000000003,0000000001),(2017,'Albania','San Marino',0000000005,0000000012),(2017,'Austria','Latvia',0000000012,0000000007),(2017,'Austria','Luxembourg',0000000010,0000000001),(2017,'Austria','Ukraine',0000000004,0000000005),(2017,'Austria','Azerbaijan',0000000003,0000000004),(2017,'Austria','Malta',0000000008,0000000006),(2017,'Austria','Lithuania',0000000005,0000000012),(2017,'Austria','Slovakia',0000000007,0000000003),(2017,'Austria','Australia',0000000001,0000000008),(2017,'Austria','France',0000000006,0000000002),(2017,'Austria','Estonia',0000000002,0000000010),(2017,'Azerbaijan','Lithuania',0000000005,0000000002),(2017,'Azerbaijan','Serbia',0000000003,0000000010),(2017,'Azerbaijan','Australia',0000000006,0000000003),(2017,'Azerbaijan','Malta',0000000008,0000000012),(2017,'Azerbaijan','Luxembourg',0000000002,0000000005),(2017,'Azerbaijan','Monaco',0000000007,0000000007),(2017,'Azerbaijan','Germany',0000000010,0000000008),(2017,'Azerbaijan','France',0000000012,0000000001),(2017,'Azerbaijan','Switzerland',0000000001,0000000006),(2017,'Azerbaijan','Austria',0000000004,0000000004),(2017,'Luxembourg','Austria',0000000007,0000000006),(2017,'Luxembourg','Azerbaijan',0000000003,0000000007),(2017,'Luxembourg','Yugoslavia',0000000001,0000000010),(2017,'Luxembourg','Moldova',0000000004,0000000008),(2017,'Luxembourg','Spain',0000000006,0000000001),(2017,'Luxembourg','Germany',0000000005,0000000004),(2017,'Luxembourg','Serbia',0000000002,0000000012),(2017,'Luxembourg','Latvia',0000000010,0000000002),(2017,'Luxembourg','Slovenia',0000000008,0000000003),(2017,'Luxembourg','Portugal',0000000012,0000000005),(2017,'Slovenia','Serbia',0000000012,0000000004),(2017,'Slovenia','Slovakia',0000000007,0000000002),(2017,'Slovenia','Luxembourg',0000000002,0000000008),(2017,'Slovenia','Albania',0000000005,0000000001),(2017,'Slovenia','Austria',0000000004,0000000010),(2017,'Slovenia','San Marino',0000000006,0000000006),(2017,'Slovenia','Poland',0000000010,0000000005),(2017,'Slovenia','Latvia',0000000001,0000000003),(2017,'Slovenia','Australia',0000000003,0000000007),(2017,'Slovenia','Moldova',0000000008,0000000012),(2017,'Croatia','Serbia',0000000001,0000000007),(2017,'Croatia','Slovakia',0000000003,0000000002),(2017,'Croatia','Monaco',0000000008,0000000010),(2017,'Croatia','Russia',0000000012,0000000001),(2017,'Croatia','San Marino',0000000010,0000000012),(2017,'Croatia','Lithuania',0000000007,0000000004),(2017,'Croatia','Ukraine',0000000005,0000000005),(2017,'Croatia','Latvia',0000000004,0000000006),(2017,'Croatia','Spain',0000000002,0000000003),(2017,'Croatia','Moldova',0000000006,0000000008),(2017,'Russia','Albania',0000000008,0000000001),(2017,'Russia','Lithuania',0000000004,0000000005),(2017,'Russia','Luxembourg',0000000003,0000000006),(2017,'Russia','Estonia',0000000002,0000000002),(2017,'Russia','Australia',0000000007,0000000012),(2017,'Russia','Switzerland',0000000006,0000000010),(2017,'Russia','Malta',0000000012,0000000003),(2017,'Russia','Ukraine',0000000005,0000000008),(2017,'Russia','Poland',0000000001,0000000004),(2017,'Russia','San Marino',0000000010,0000000007),(2017,'Latvia','Serbia',0000000007,0000000005),(2017,'Latvia','Lithuania',0000000008,0000000012),(2017,'Latvia','Estonia',0000000010,0000000010),(2017,'Latvia','Azerbaijan',0000000001,0000000002),(2017,'Latvia','Australia',0000000012,0000000008),(2017,'Latvia','Portugal',0000000005,0000000004),(2017,'Latvia','Russia',0000000003,0000000006),(2017,'Latvia','Monaco',0000000006,0000000001),(2017,'Latvia','Yugoslavia',0000000002,0000000003),(2017,'Latvia','Slovakia',0000000004,0000000007),(2017,'San Marino','Azerbaijan',0000000002,0000000004),(2017,'San Marino','Lithuania',0000000005,0000000003),(2017,'San Marino','Spain',0000000006,0000000001),(2017,'San Marino','Austria',0000000003,0000000012),(2017,'San Marino','Croatia',0000000001,0000000010),(2017,'San Marino','Australia',0000000008,0000000002),(2017,'San Marino','Portugal',0000000007,0000000006),(2017,'San Marino','Estonia',0000000010,0000000008),(2017,'San Marino','Malta',0000000012,0000000005),(2017,'San Marino','Switzerland',0000000004,0000000007),(2017,'Ukraine','Albania',0000000005,0000000012),(2017,'Ukraine','Moldova',0000000003,0000000003),(2017,'Ukraine','Portugal',0000000001,0000000001),(2017,'Ukraine','Spain',0000000006,0000000008),(2017,'Ukraine','Lithuania',0000000012,0000000006),(2017,'Ukraine','Austria',0000000007,0000000002),(2017,'Ukraine','Switzerland',0000000010,0000000004),(2017,'Ukraine','Monaco',0000000004,0000000005),(2017,'Ukraine','San Marino',0000000002,0000000010),(2017,'Ukraine','Australia',0000000008,0000000007),(2017,'Poland','Serbia',0000000006,0000000010),(2017,'Poland','San Marino',0000000012,0000000003),(2017,'Poland','Slovakia',0000000003,0000000006),(2017,'Poland','Portugal',0000000004,0000000007),(2017,'Poland','Monaco',0000000005,0000000004),(2017,'Poland','Croatia',0000000002,0000000005),(2017,'Poland','Moldova',0000000007,0000000012),(2017,'Poland','Spain',0000000010,0000000002),(2017,'Poland','Malta',0000000008,0000000008),(2017,'Poland','Russia',0000000001,0000000001),(2017,'Australia','Switzerland',0000000004,0000000010),(2017,'Australia','Serbia',0000000006,0000000004),(2017,'Australia','San Marino',0000000012,0000000008),(2017,'Australia','Spain',0000000005,0000000003),(2017,'Australia','Portugal',0000000007,0000000005),(2017,'Australia','Ukraine',0000000002,0000000012),(2017,'Australia','Croatia',0000000008,0000000001),(2017,'Australia','Malta',0000000010,0000000007),(2017,'Australia','Estonia',0000000001,0000000002),(2017,'Australia','Russia',0000000003,0000000006),(2017,'Switzerland','San Marino',0000000012,0000000001),(2017,'Switzerland','Malta',0000000006,0000000002),(2017,'Switzerland','Spain',0000000008,0000000007),(2017,'Switzerland','Ukraine',0000000007,0000000004),(2017,'Switzerland','Poland',0000000003,0000000008),(2017,'Switzerland','Slovenia',0000000010,0000000006),(2017,'Switzerland','Austria',0000000004,0000000012),(2017,'Switzerland','Russia',0000000005,0000000010),(2017,'Switzerland','Germany',0000000001,0000000003),(2017,'Switzerland','Croatia',0000000002,0000000005),(2017,'France','Slovakia',0000000005,0000000006),(2017,'France','Serbia',0000000010,0000000012),(2017,'France','Latvia',0000000002,0000000008),(2017,'France','San Marino',0000000008,0000000007),(2017,'France','Australia',0000000007,0000000010),(2017,'France','Germany',0000000006,0000000005),(2017,'France','Estonia',0000000003,0000000002),(2017,'France','Monaco',0000000004,0000000004),(2017,'France','Spain',0000000001,0000000001),(2017,'France','Yugoslavia',0000000012,0000000003),(2017,'Portugal','Latvia',0000000006,0000000001),(2017,'Portugal','Estonia',0000000010,0000000002),(2017,'Portugal','Russia',0000000008,0000000006),(2017,'Portugal','Monaco',0000000003,0000000012),(2017,'Portugal','Luxembourg',0000000001,0000000010),(2017,'Portugal','Malta',0000000012,0000000004),(2017,'Portugal','Austria',0000000005,0000000008),(2017,'Portugal','Slovakia',0000000004,0000000005),(2017,'Portugal','Moldova',0000000007,0000000007),(2017,'Portugal','France',0000000002,0000000003),(2017,'Estonia','Russia',0000000012,0000000004),(2017,'Estonia','Slovenia',0000000008,0000000008),(2017,'Estonia','Spain',0000000001,0000000006),(2017,'Estonia','Luxembourg',0000000003,0000000005),(2017,'Estonia','France',0000000004,0000000007),(2017,'Estonia','Monaco',0000000010,0000000003),(2017,'Estonia','Croatia',0000000007,0000000002),(2017,'Estonia','Albania',0000000005,0000000012),(2017,'Estonia','Moldova',0000000006,0000000001),(2017,'Estonia','Malta',0000000002,0000000010),(2017,'Monaco','Slovakia',0000000002,0000000012),(2017,'Monaco','Serbia',0000000003,0000000005),(2017,'Monaco','San Marino',0000000004,0000000008),(2017,'Monaco','Moldova',0000000005,0000000007),(2017,'Monaco','Lithuania',0000000001,0000000004),(2017,'Monaco','Russia',0000000012,0000000003),(2017,'Monaco','Luxembourg',0000000010,0000000010),(2017,'Monaco','France',0000000008,0000000002),(2017,'Monaco','Ukraine',0000000007,0000000001),(2017,'Monaco','Albania',0000000006,0000000006),(2016,'Italy','Russia',0000000004,0000000004),(2016,'Italy','Bosnia and Herzegovina',0000000003,0000000006),(2016,'Italy','Lithuania',0000000005,0000000002),(2016,'Italy','Ukraine',0000000001,0000000012),(2016,'Italy','Spain',0000000002,0000000007),(2016,'Italy','Germany',0000000012,0000000005),(2016,'Italy','Yugoslavia',0000000008,0000000003),(2016,'Italy','Latvia',0000000006,0000000001),(2016,'Italy','Greece',0000000010,0000000010),(2016,'Italy','Poland',0000000007,0000000008),(2016,'Armenia','Netherlands',0000000002,0000000007),(2016,'Armenia','Bosnia and Herzegovina',0000000001,0000000001),(2016,'Armenia','Norway',0000000010,0000000006),(2016,'Armenia','North Macedonia',0000000007,0000000002),(2016,'Armenia','Italy',0000000005,0000000003),(2016,'Armenia','Romania',0000000003,0000000008),(2016,'Armenia','Ukraine',0000000004,0000000005),(2016,'Armenia','Spain',0000000008,0000000004),(2016,'Armenia','Latvia',0000000006,0000000012),(2016,'Armenia','Ireland',0000000012,0000000010),(2016,'Moldova','Romania',0000000010,0000000001),(2016,'Moldova','Armenia',0000000006,0000000002),(2016,'Moldova','Finland',0000000003,0000000007),(2016,'Moldova','Lithuania',0000000001,0000000012),(2016,'Moldova','Denmark',0000000008,0000000008),(2016,'Moldova','Germany',0000000004,0000000003),(2016,'Moldova','Netherlands',0000000005,0000000005),(2016,'Moldova','Switzerland',0000000002,0000000010),(2016,'Moldova','Bosnia and Herzegovina',0000000012,0000000006),(2016,'Moldova','Poland',0000000007,0000000004),(2016,'Ireland','Estonia',0000000003,0000000006),(2016,'Ireland','Bosnia and Herzegovina',0000000008,0000000001),(2016,'Ireland','Moldova',0000000006,0000000007),(2016,'Ireland','Romania',0000000005,0000000002),(2016,'Ireland','Italy',0000000010,0000000012),(2016,'Ireland','Germany',0000000007,0000000004),(2016,'Ireland','Denmark',0000000002,0000000008),(2016,'Ireland','Latvia',0000000004,0000000010),(2016,'Ireland','Armenia',0000000001,0000000003),(2016,'Ireland','Sweden',0000000012,0000000005),(2016,'Spain','Lithuania',0000000007,0000000007),(2016,'Spain','Denmark',0000000004,0000000006),(2016,'Spain','Finland',0000000008,0000000012),(2016,'Spain','Czech Republic',0000000005,0000000004),(2016,'Spain','Russia',0000000010,0000000005),(2016,'Spain','Ireland',0000000003,0000000008),(2016,'Spain','Yugoslavia',0000000001,0000000001),(2016,'Spain','Poland',0000000002,0000000003),(2016,'Spain','Ukraine',0000000012,0000000002),(2016,'Spain','Switzerland',0000000006,0000000010),(2016,'Estonia','Denmark',0000000002,0000000007),(2016,'Estonia','North Macedonia',0000000010,0000000004),(2016,'Estonia','Latvia',0000000005,0000000001),(2016,'Estonia','Romania',0000000012,0000000005),(2016,'Estonia','Ukraine',0000000007,0000000010),(2016,'Estonia','Bosnia and Herzegovina',0000000001,0000000002),(2016,'Estonia','Spain',0000000003,0000000003),(2016,'Estonia','Italy',0000000006,0000000008),(2016,'Estonia','Germany',0000000004,0000000006),(2016,'Estonia','Norway',0000000008,0000000012),(2016,'Germany','Ukraine',0000000006,0000000007),(2016,'Germany','Lithuania',0000000007,0000000005),(2016,'Germany','Poland',0000000001,0000000012),(2016,'Germany','Greece',0000000008,0000000003),(2016,'Germany','Moldova',0000000002,0000000004),(2016,'Germany','Netherlands',0000000012,0000000010),(2016,'Germany','Sweden',0000000010,0000000006),(2016,'Germany','Russia',0000000003,0000000001),(2016,'Germany','Norway',0000000005,0000000008),(2016,'Germany','Finland',0000000004,0000000002),(2016,'Poland','Finland',0000000003,0000000003),(2016,'Poland','Montenegro',0000000012,0000000001),(2016,'Poland','Denmark',0000000005,0000000010),(2016,'Poland','Bosnia and Herzegovina',0000000008,0000000006),(2016,'Poland','Ireland',0000000010,0000000008),(2016,'Poland','Germany',0000000001,0000000004),(2016,'Poland','Netherlands',0000000006,0000000005),(2016,'Poland','Ukraine',0000000004,0000000002),(2016,'Poland','Moldova',0000000002,0000000007),(2016,'Poland','Latvia',0000000007,0000000012),(2016,'Finland','Armenia',0000000006,0000000003),(2016,'Finland','Sweden',0000000012,0000000006),(2016,'Finland','Ireland',0000000008,0000000004),(2016,'Finland','Spain',0000000001,0000000012),(2016,'Finland','Germany',0000000010,0000000005),(2016,'Finland','Switzerland',0000000005,0000000002),(2016,'Finland','Denmark',0000000007,0000000010),(2016,'Finland','Norway',0000000003,0000000007),(2016,'Finland','Moldova',0000000004,0000000008),(2016,'Finland','North Macedonia',0000000002,0000000001),(2016,'Greece','Russia',0000000004,0000000008),(2016,'Greece','Moldova',0000000003,0000000007),(2016,'Greece','Sweden',0000000002,0000000006),(2016,'Greece','Norway',0000000010,0000000003),(2016,'Greece','Italy',0000000006,0000000002),(2016,'Greece','Bosnia and Herzegovina',0000000012,0000000005),(2016,'Greece','Denmark',0000000001,0000000012),(2016,'Greece','Armenia',0000000008,0000000001),(2016,'Greece','Switzerland',0000000007,0000000004),(2016,'Greece','Estonia',0000000005,0000000010),(2016,'Norway','North Macedonia',0000000007,0000000002),(2016,'Norway','Poland',0000000005,0000000004),(2016,'Norway','Sweden',0000000004,0000000003),(2016,'Norway','Moldova',0000000008,0000000012),(2016,'Norway','Spain',0000000006,0000000006),(2016,'Norway','Ukraine',0000000010,0000000007),(2016,'Norway','Russia',0000000003,0000000010),(2016,'Norway','Estonia',0000000002,0000000001),(2016,'Norway','Bosnia and Herzegovina',0000000012,0000000008),(2016,'Norway','Romania',0000000001,0000000005),(2016,'Latvia','Poland',0000000001,0000000001),(2016,'Latvia','Montenegro',0000000006,0000000010),(2016,'Latvia','Ukraine',0000000003,0000000005),(2016,'Latvia','Russia',0000000005,0000000003),(2016,'Latvia','Greece',0000000002,0000000012),(2016,'Latvia','Armenia',0000000004,0000000002),(2016,'Latvia','Ireland',0000000012,0000000008),(2016,'Latvia','Finland',0000000010,0000000007),(2016,'Latvia','Spain',0000000008,0000000006),(2016,'Latvia','Bosnia and Herzegovina',0000000007,0000000004),(2016,'Romania','Denmark',0000000003,0000000007),(2016,'Romania','Norway',0000000006,0000000006),(2016,'Romania','Russia',0000000010,0000000012),(2016,'Romania','Switzerland',0000000008,0000000002),(2016,'Romania','Spain',0000000012,0000000010),(2016,'Romania','Yugoslavia',0000000005,0000000001),(2016,'Romania','Moldova',0000000007,0000000003),(2016,'Romania','Estonia',0000000004,0000000004),(2016,'Romania','Montenegro',0000000002,0000000005),(2016,'Romania','Finland',0000000001,0000000008),(2016,'Montenegro','Norway',0000000012,0000000002),(2016,'Montenegro','Greece',0000000001,0000000010),(2016,'Montenegro','Yugoslavia',0000000010,0000000008),(2016,'Montenegro','Poland',0000000006,0000000007),(2016,'Montenegro','Denmark',0000000003,0000000001),(2016,'Montenegro','Finland',0000000007,0000000004),(2016,'Montenegro','Switzerland',0000000005,0000000006),(2016,'Montenegro','Latvia',0000000004,0000000003),(2016,'Montenegro','Estonia',0000000008,0000000012),(2016,'Montenegro','Armenia',0000000002,0000000005),(2016,'Bosnia and Herzegovina','Finland',0000000004,0000000005),(2016,'Bosnia and Herzegovina','Russia',0000000005,0000000006),(2016,'Bosnia and Herzegovina','Germany',0000000008,0000000012),(2016,'Bosnia and Herzegovina','Armenia',0000000007,0000000004),(2016,'Bosnia and Herzegovina','Netherlands',0000000002,0000000002),(2016,'Bosnia and Herzegovina','Montenegro',0000000012,0000000007),(2016,'Bosnia and Herzegovina','Greece',0000000001,0000000001),(2016,'Bosnia and Herzegovina','North Macedonia',0000000003,0000000010),(2016,'Bosnia and Herzegovina','Spain',0000000010,0000000008),(2016,'Bosnia and Herzegovina','Yugoslavia',0000000006,0000000003),(2016,'Czech Republic','Netherlands',0000000001,0000000006),(2016,'Czech Republic','Lithuania',0000000007,0000000010),(2016,'Czech Republic','Switzerland',0000000006,0000000001),(2016,'Czech Republic','Ukraine',0000000010,0000000004),(2016,'Czech Republic','Italy',0000000004,0000000012),(2016,'Czech Republic','Yugoslavia',0000000002,0000000005),(2016,'Czech Republic','Greece',0000000008,0000000003),(2016,'Czech Republic','Armenia',0000000005,0000000007),(2016,'Czech Republic','Norway',0000000003,0000000002),(2016,'Czech Republic','Romania',0000000012,0000000008),(2016,'Lithuania','Finland',0000000012,0000000012),(2016,'Lithuania','Czech Republic',0000000004,0000000005),(2016,'Lithuania','Netherlands',0000000008,0000000007),(2016,'Lithuania','Ireland',0000000006,0000000002),(2016,'Lithuania','Montenegro',0000000002,0000000006),(2016,'Lithuania','Sweden',0000000001,0000000004),(2016,'Lithuania','Ukraine',0000000005,0000000001),(2016,'Lithuania','Moldova',0000000007,0000000003),(2016,'Lithuania','Russia',0000000010,0000000008),(2016,'Lithuania','Spain',0000000003,0000000010),(2016,'North Macedonia','Czech Republic',0000000003,0000000008),(2016,'North Macedonia','Moldova',0000000012,0000000002),(2016,'North Macedonia','Bosnia and Herzegovina',0000000008,0000000003),(2016,'North Macedonia','Italy',0000000010,0000000012),(2016,'North Macedonia','Greece',0000000005,0000000006),(2016,'North Macedonia','Lithuania',0000000001,0000000004),(2016,'North Macedonia','Ireland',0000000006,0000000005),(2016,'North Macedonia','Norway',0000000007,0000000007),(2016,'North Macedonia','Russia',0000000004,0000000001),(2016,'North Macedonia','Estonia',0000000002,0000000010),(2016,'Sweden','Switzerland',0000000003,0000000012),(2016,'Sweden','Netherlands',0000000004,0000000005),(2016,'Sweden','Latvia',0000000010,0000000007),(2016,'Sweden','Denmark',0000000002,0000000006),(2016,'Sweden','Finland',0000000007,0000000008),(2016,'Sweden','Moldova',0000000008,0000000001),(2016,'Sweden','Italy',0000000005,0000000010),(2016,'Sweden','North Macedonia',0000000012,0000000004),(2016,'Sweden','Romania',0000000001,0000000002),(2016,'Sweden','Estonia',0000000006,0000000003),(2016,'Russia','Greece',0000000004,0000000002),(2016,'Russia','Latvia',0000000002,0000000008),(2016,'Russia','Lithuania',0000000006,0000000003),(2016,'Russia','Romania',0000000008,0000000005),(2016,'Russia','Spain',0000000005,0000000004),(2016,'Russia','Estonia',0000000012,0000000007),(2016,'Russia','Norway',0000000007,0000000006),(2016,'Russia','Netherlands',0000000010,0000000001),(2016,'Russia','Czech Republic',0000000003,0000000010),(2016,'Russia','Finland',0000000001,0000000012),(2016,'Ukraine','Romania',0000000008,0000000001),(2016,'Ukraine','Lithuania',0000000012,0000000006),(2016,'Ukraine','Netherlands',0000000010,0000000008),(2016,'Ukraine','Yugoslavia',0000000006,0000000002),(2016,'Ukraine','North Macedonia',0000000007,0000000010),(2016,'Ukraine','Bosnia and Herzegovina',0000000005,0000000005),(2016,'Ukraine','Finland',0000000001,0000000004),(2016,'Ukraine','Poland',0000000003,0000000003),(2016,'Ukraine','Armenia',0000000002,0000000007),(2016,'Ukraine','Italy',0000000004,0000000012),(2016,'Denmark','Czech Republic',0000000007,0000000005),(2016,'Denmark','Ireland',0000000010,0000000004),(2016,'Denmark','Switzerland',0000000012,0000000010),(2016,'Denmark','Armenia',0000000005,0000000006),(2016,'Denmark','Estonia',0000000008,0000000002),(2016,'Denmark','Netherlands',0000000006,0000000008),(2016,'Denmark','Moldova',0000000001,0000000003),(2016,'Denmark','Latvia',0000000003,0000000012),(2016,'Denmark','Italy',0000000004,0000000001),(2016,'Denmark','Spain',0000000002,0000000007),(2016,'Yugoslavia','Finland',0000000012,0000000004),(2016,'Yugoslavia','North Macedonia',0000000010,0000000007),(2016,'Yugoslavia','Lithuania',0000000004,0000000012),(2016,'Yugoslavia','Sweden',0000000005,0000000008),(2016,'Yugoslavia','Poland',0000000002,0000000002),(2016,'Yugoslavia','Latvia',0000000001,0000000001),(2016,'Yugoslavia','Netherlands',0000000003,0000000010),(2016,'Yugoslavia','Greece',0000000008,0000000003),(2016,'Yugoslavia','Ireland',0000000006,0000000006),(2016,'Yugoslavia','Russia',0000000007,0000000005),(2016,'Switzerland','Germany',0000000010,0000000002),(2016,'Switzerland','Estonia',0000000001,0000000007),(2016,'Switzerland','Sweden',0000000006,0000000012),(2016,'Switzerland','Moldova',0000000007,0000000004),(2016,'Switzerland','Italy',0000000004,0000000003),(2016,'Switzerland','Finland',0000000008,0000000006),(2016,'Switzerland','Latvia',0000000005,0000000005),(2016,'Switzerland','Yugoslavia',0000000003,0000000010),(2016,'Switzerland','Spain',0000000012,0000000008),(2016,'Switzerland','Greece',0000000002,0000000001),(2016,'Netherlands','Poland',0000000010,0000000007),(2016,'Netherlands','Latvia',0000000008,0000000008),(2016,'Netherlands','Estonia',0000000003,0000000005),(2016,'Netherlands','Germany',0000000005,0000000003),(2016,'Netherlands','Yugoslavia',0000000006,0000000006),(2016,'Netherlands','Ukraine',0000000012,0000000012),(2016,'Netherlands','Switzerland',0000000002,0000000010),(2016,'Netherlands','Bosnia and Herzegovina',0000000004,0000000002),(2016,'Netherlands','Montenegro',0000000007,0000000004),(2016,'Netherlands','Lithuania',0000000001,0000000001),(2015,'Hungary','Lithuania',0000000002,0000000010),(2015,'Hungary','Austria',0000000003,0000000006),(2015,'Hungary','Italy',0000000008,0000000001),(2015,'Hungary','Montenegro',0000000006,0000000007),(2015,'Hungary','Iceland',0000000007,0000000003),(2015,'Hungary','Romania',0000000004,0000000008),(2015,'Hungary','Armenia',0000000012,0000000005),(2015,'Hungary','Bosnia and Herzegovina',0000000010,0000000002),(2015,'Hungary','Cyprus',0000000001,0000000012),(2015,'Hungary','Israel',0000000005,0000000004),(2015,'Slovenia','Hungary',0000000004,0000000005),(2015,'Slovenia','Romania',0000000010,0000000001),(2015,'Slovenia','Serbia',0000000008,0000000003),(2015,'Slovenia','North Macedonia',0000000002,0000000012),(2015,'Slovenia','Iceland',0000000006,0000000008),(2015,'Slovenia','Lithuania',0000000001,0000000004),(2015,'Slovenia','Italy',0000000003,0000000002),(2015,'Slovenia','Switzerland',0000000005,0000000006),(2015,'Slovenia','Greece',0000000012,0000000007),(2015,'Slovenia','France',0000000007,0000000010),(2015,'Iceland','Serbia',0000000004,0000000003),(2015,'Iceland','Latvia',0000000003,0000000005),(2015,'Iceland','Switzerland',0000000012,0000000007),(2015,'Iceland','Montenegro',0000000010,0000000001),(2015,'Iceland','Netherlands',0000000001,0000000010),(2015,'Iceland','Monaco',0000000002,0000000006),(2015,'Iceland','Israel',0000000008,0000000002),(2015,'Iceland','Hungary',0000000007,0000000004),(2015,'Iceland','North Macedonia',0000000006,0000000012),(2015,'Iceland','Armenia',0000000005,0000000008),(2015,'North Macedonia','Monaco',0000000007,0000000001),(2015,'North Macedonia','Iceland',0000000005,0000000005),(2015,'North Macedonia','Bosnia and Herzegovina',0000000006,0000000006),(2015,'North Macedonia','Hungary',0000000001,0000000007),(2015,'North Macedonia','Bulgaria',0000000004,0000000010),(2015,'North Macedonia','Israel',0000000003,0000000008),(2015,'North Macedonia','Montenegro',0000000012,0000000002),(2015,'North Macedonia','Russia',0000000008,0000000012),(2015,'North Macedonia','Serbia',0000000002,0000000004),(2015,'North Macedonia','Ukraine',0000000010,0000000003),(2015,'Russia','Italy',0000000006,0000000010),(2015,'Russia','Netherlands',0000000010,0000000008),(2015,'Russia','Switzerland',0000000008,0000000001),(2015,'Russia','Belarus',0000000007,0000000007),(2015,'Russia','Romania',0000000012,0000000002),(2015,'Russia','Hungary',0000000001,0000000012),(2015,'Russia','Serbia',0000000005,0000000006),(2015,'Russia','Montenegro',0000000002,0000000005),(2015,'Russia','Iceland',0000000003,0000000004),(2015,'Russia','Bosnia and Herzegovina',0000000004,0000000003),(2015,'Netherlands','Monaco',0000000002,0000000005),(2015,'Netherlands','Serbia',0000000004,0000000001),(2015,'Netherlands','North Macedonia',0000000003,0000000012),(2015,'Netherlands','Latvia',0000000008,0000000008),(2015,'Netherlands','Israel',0000000012,0000000003),(2015,'Netherlands','France',0000000010,0000000007),(2015,'Netherlands','Bulgaria',0000000001,0000000002),(2015,'Netherlands','Austria',0000000005,0000000010),(2015,'Netherlands','Slovenia',0000000007,0000000004),(2015,'Netherlands','Greece',0000000006,0000000006),(2015,'Bosnia and Herzegovina','Belarus',0000000003,0000000008),(2015,'Bosnia and Herzegovina','Italy',0000000004,0000000007),(2015,'Bosnia and Herzegovina','Netherlands',0000000012,0000000001),(2015,'Bosnia and Herzegovina','Russia',0000000001,0000000010),(2015,'Bosnia and Herzegovina','Romania',0000000006,0000000005),(2015,'Bosnia and Herzegovina','Iceland',0000000005,0000000006),(2015,'Bosnia and Herzegovina','Ukraine',0000000008,0000000003),(2015,'Bosnia and Herzegovina','Armenia',0000000007,0000000004),(2015,'Bosnia and Herzegovina','Greece',0000000010,0000000002),(2015,'Bosnia and Herzegovina','Hungary',0000000002,0000000012),(2015,'Greece','Armenia',0000000005,0000000012),(2015,'Greece','Bulgaria',0000000004,0000000003),(2015,'Greece','Spain',0000000003,0000000002),(2015,'Greece','France',0000000001,0000000005),(2015,'Greece','Israel',0000000007,0000000007),(2015,'Greece','Romania',0000000010,0000000008),(2015,'Greece','Italy',0000000002,0000000001),(2015,'Greece','Switzerland',0000000008,0000000010),(2015,'Greece','Monaco',0000000012,0000000004),(2015,'Greece','Austria',0000000006,0000000006),(2015,'Armenia','Russia',0000000007,0000000004),(2015,'Armenia','Monaco',0000000001,0000000007),(2015,'Armenia','Netherlands',0000000002,0000000001),(2015,'Armenia','Lithuania',0000000004,0000000003),(2015,'Armenia','Hungary',0000000012,0000000006),(2015,'Armenia','Serbia',0000000008,0000000012),(2015,'Armenia','Slovenia',0000000005,0000000005),(2015,'Armenia','Belarus',0000000006,0000000002),(2015,'Armenia','Latvia',0000000010,0000000010),(2015,'Armenia','Iceland',0000000003,0000000008),(2015,'Switzerland','Belarus',0000000003,0000000012),(2015,'Switzerland','Slovenia',0000000006,0000000001),(2015,'Switzerland','Italy',0000000007,0000000007),(2015,'Switzerland','North Macedonia',0000000001,0000000006),(2015,'Switzerland','Ukraine',0000000002,0000000010),(2015,'Switzerland','Hungary',0000000012,0000000004),(2015,'Switzerland','Iceland',0000000010,0000000008),(2015,'Switzerland','Cyprus',0000000004,0000000005),(2015,'Switzerland','Russia',0000000008,0000000003),(2015,'Switzerland','Latvia',0000000005,0000000002),(2015,'Ukraine','Israel',0000000007,0000000003),(2015,'Ukraine','Slovenia',0000000012,0000000004),(2015,'Ukraine','North Macedonia',0000000010,0000000005),(2015,'Ukraine','Romania',0000000002,0000000006),(2015,'Ukraine','Monaco',0000000008,0000000001),(2015,'Ukraine','Russia',0000000003,0000000010),(2015,'Ukraine','Iceland',0000000006,0000000012),(2015,'Ukraine','Bulgaria',0000000004,0000000008),(2015,'Ukraine','Lithuania',0000000001,0000000007),(2015,'Ukraine','Spain',0000000005,0000000002),(2015,'Belarus','Netherlands',0000000001,0000000010),(2015,'Belarus','Iceland',0000000008,0000000006),(2015,'Belarus','Latvia',0000000006,0000000001),(2015,'Belarus','Romania',0000000007,0000000008),(2015,'Belarus','Hungary',0000000004,0000000007),(2015,'Belarus','North Macedonia',0000000003,0000000004),(2015,'Belarus','Armenia',0000000002,0000000002),(2015,'Belarus','France',0000000010,0000000012),(2015,'Belarus','Slovenia',0000000005,0000000003),(2015,'Belarus','Switzerland',0000000012,0000000005),(2015,'Romania','Monaco',0000000002,0000000012),(2015,'Romania','France',0000000003,0000000004),(2015,'Romania','Russia',0000000001,0000000005),(2015,'Romania','Cyprus',0000000012,0000000008),(2015,'Romania','Hungary',0000000004,0000000007),(2015,'Romania','Italy',0000000010,0000000006),(2015,'Romania','Iceland',0000000008,0000000010),(2015,'Romania','Bosnia and Herzegovina',0000000007,0000000001),(2015,'Romania','Slovenia',0000000005,0000000002),(2015,'Romania','Switzerland',0000000006,0000000003),(2015,'Italy','North Macedonia',0000000004,0000000012),(2015,'Italy','Slovenia',0000000001,0000000004),(2015,'Italy','Lithuania',0000000005,0000000005),(2015,'Italy','Cyprus',0000000002,0000000006),(2015,'Italy','Netherlands',0000000007,0000000001),(2015,'Italy','Serbia',0000000003,0000000007),(2015,'Italy','Spain',0000000006,0000000010),(2015,'Italy','Ukraine',0000000010,0000000002),(2015,'Italy','Latvia',0000000012,0000000003),(2015,'Italy','Bulgaria',0000000008,0000000008),(2015,'Monaco','Bosnia and Herzegovina',0000000012,0000000008),(2015,'Monaco','Cyprus',0000000002,0000000012),(2015,'Monaco','Montenegro',0000000001,0000000004),(2015,'Monaco','Belarus',0000000004,0000000007),(2015,'Monaco','Lithuania',0000000007,0000000001),(2015,'Monaco','Spain',0000000006,0000000010),(2015,'Monaco','Netherlands',0000000010,0000000005),(2015,'Monaco','Israel',0000000005,0000000003),(2015,'Monaco','Austria',0000000003,0000000006),(2015,'Monaco','France',0000000008,0000000002),(2015,'Spain','Hungary',0000000004,0000000006),(2015,'Spain','Iceland',0000000006,0000000005),(2015,'Spain','Romania',0000000001,0000000012),(2015,'Spain','Netherlands',0000000005,0000000003),(2015,'Spain','Armenia',0000000003,0000000007),(2015,'Spain','Russia',0000000008,0000000002),(2015,'Spain','France',0000000002,0000000010),(2015,'Spain','Israel',0000000010,0000000004),(2015,'Spain','Lithuania',0000000012,0000000008),(2015,'Spain','Bosnia and Herzegovina',0000000007,0000000001),(2015,'Montenegro','Austria',0000000003,0000000001),(2015,'Montenegro','Monaco',0000000004,0000000010),(2015,'Montenegro','Netherlands',0000000005,0000000004),(2015,'Montenegro','Romania',0000000012,0000000005),(2015,'Montenegro','North Macedonia',0000000008,0000000002),(2015,'Montenegro','Cyprus',0000000006,0000000007),(2015,'Montenegro','Bulgaria',0000000001,0000000006),(2015,'Montenegro','Slovenia',0000000002,0000000008),(2015,'Montenegro','Belarus',0000000010,0000000012),(2015,'Montenegro','France',0000000007,0000000003),(2015,'Israel','Latvia',0000000006,0000000001),(2015,'Israel','Italy',0000000004,0000000008),(2015,'Israel','North Macedonia',0000000001,0000000012),(2015,'Israel','Serbia',0000000007,0000000010),(2015,'Israel','Russia',0000000003,0000000007),(2015,'Israel','France',0000000010,0000000003),(2015,'Israel','Switzerland',0000000012,0000000005),(2015,'Israel','Cyprus',0000000005,0000000002),(2015,'Israel','Lithuania',0000000008,0000000004),(2015,'Israel','Bosnia and Herzegovina',0000000002,0000000006),(2015,'Lithuania','Bosnia and Herzegovina',0000000002,0000000007),(2015,'Lithuania','Romania',0000000001,0000000005),(2015,'Lithuania','Belarus',0000000006,0000000003),(2015,'Lithuania','France',0000000012,0000000006),(2015,'Lithuania','Latvia',0000000005,0000000002),(2015,'Lithuania','Ukraine',0000000004,0000000008),(2015,'Lithuania','Russia',0000000007,0000000010),(2015,'Lithuania','Monaco',0000000003,0000000001),(2015,'Lithuania','Montenegro',0000000010,0000000004),(2015,'Lithuania','Armenia',0000000008,0000000012),(2015,'Bulgaria','Austria',0000000004,0000000010),(2015,'Bulgaria','Italy',0000000007,0000000007),(2015,'Bulgaria','Greece',0000000008,0000000008),(2015,'Bulgaria','Israel',0000000001,0000000012),(2015,'Bulgaria','Iceland',0000000006,0000000005),(2015,'Bulgaria','Belarus',0000000010,0000000002),(2015,'Bulgaria','Latvia',0000000005,0000000003),(2015,'Bulgaria','North Macedonia',0000000012,0000000004),(2015,'Bulgaria','Spain',0000000002,0000000006),(2015,'Bulgaria','Armenia',0000000003,0000000001),(2015,'Serbia','Iceland',0000000004,0000000003),(2015,'Serbia','Hungary',0000000008,0000000007),(2015,'Serbia','Austria',0000000002,0000000005),(2015,'Serbia','North Macedonia',0000000010,0000000001),(2015,'Serbia','Bosnia and Herzegovina',0000000012,0000000012),(2015,'Serbia','Latvia',0000000005,0000000008),(2015,'Serbia','Monaco',0000000007,0000000002),(2015,'Serbia','Slovenia',0000000003,0000000006),(2015,'Serbia','Belarus',0000000001,0000000004),(2015,'Serbia','Spain',0000000006,0000000010),(2015,'France','Bosnia and Herzegovina',0000000005,0000000006),(2015,'France','Montenegro',0000000010,0000000004),(2015,'France','Italy',0000000003,0000000008),(2015,'France','Romania',0000000004,0000000007),(2015,'France','Greece',0000000006,0000000003),(2015,'France','Monaco',0000000007,0000000005),(2015,'France','Slovenia',0000000012,0000000002),(2015,'France','Cyprus',0000000001,0000000010),(2015,'France','Netherlands',0000000002,0000000001),(2015,'France','Hungary',0000000008,0000000012),(2015,'Latvia','Switzerland',0000000010,0000000010),(2015,'Latvia','Netherlands',0000000005,0000000008),(2015,'Latvia','Greece',0000000004,0000000002),(2015,'Latvia','Serbia',0000000002,0000000004),(2015,'Latvia','Russia',0000000003,0000000007),(2015,'Latvia','Israel',0000000008,0000000005),(2015,'Latvia','Monaco',0000000012,0000000001),(2015,'Latvia','Bosnia and Herzegovina',0000000006,0000000006),(2015,'Latvia','Iceland',0000000007,0000000012),(2015,'Latvia','Lithuania',0000000001,0000000003),(2015,'Cyprus','Hungary',0000000012,0000000007),(2015,'Cyprus','Netherlands',0000000008,0000000010),(2015,'Cyprus','Armenia',0000000007,0000000006),(2015,'Cyprus','Spain',0000000005,0000000004),(2015,'Cyprus','Iceland',0000000002,0000000003),(2015,'Cyprus','Montenegro',0000000006,0000000005),(2015,'Cyprus','Greece',0000000001,0000000008),(2015,'Cyprus','Bosnia and Herzegovina',0000000004,0000000001),(2015,'Cyprus','Israel',0000000010,0000000002),(2015,'Cyprus','Serbia',0000000003,0000000012),(2015,'Austria','Switzerland',0000000012,0000000003),(2015,'Austria','Serbia',0000000005,0000000005),(2015,'Austria','Lithuania',0000000006,0000000006),(2015,'Austria','Spain',0000000002,0000000008),(2015,'Austria','North Macedonia',0000000003,0000000010),(2015,'Austria','Iceland',0000000001,0000000012),(2015,'Austria','France',0000000004,0000000002),(2015,'Austria','Cyprus',0000000007,0000000004),(2015,'Austria','Romania',0000000008,0000000007),(2015,'Austria','Israel',0000000010,0000000001),(2014,'Serbia','Russia',0000000008,0000000001),(2014,'Serbia','Hungary',0000000001,0000000010),(2014,'Serbia','Netherlands',0000000005,0000000004),(2014,'Serbia','France',0000000012,0000000002),(2014,'Serbia','Andorra',0000000006,0000000003),(2014,'Serbia','North Macedonia',0000000002,0000000012),(2014,'Serbia','Switzerland',0000000003,0000000008),(2014,'Serbia','Luxembourg',0000000007,0000000005),(2014,'Serbia','Malta',0000000004,0000000006),(2014,'Serbia','Bulgaria',0000000010,0000000007),(2014,'Turkey','Czech Republic',0000000010,0000000012),(2014,'Turkey','Latvia',0000000008,0000000010),(2014,'Turkey','North Macedonia',0000000004,0000000007),(2014,'Turkey','Ukraine',0000000005,0000000008),(2014,'Turkey','Germany',0000000001,0000000006),(2014,'Turkey','Iceland',0000000006,0000000004),(2014,'Turkey','France',0000000012,0000000005),(2014,'Turkey','Romania',0000000002,0000000001),(2014,'Turkey','Luxembourg',0000000007,0000000002),(2014,'Turkey','Bulgaria',0000000003,0000000003),(2014,'Norway','Iceland',0000000004,0000000001),(2014,'Norway','Netherlands',0000000005,0000000003),(2014,'Norway','Luxembourg',0000000001,0000000007),(2014,'Norway','Andorra',0000000006,0000000002),(2014,'Norway','Switzerland',0000000008,0000000004),(2014,'Norway','Czech Republic',0000000012,0000000008),(2014,'Norway','Russia',0000000007,0000000006),(2014,'Norway','Bulgaria',0000000010,0000000012),(2014,'Norway','Turkey',0000000003,0000000005),(2014,'Norway','Latvia',0000000002,0000000010),(2014,'Ukraine','Iceland',0000000007,0000000008),(2014,'Ukraine','Netherlands',0000000005,0000000002),(2014,'Ukraine','San Marino',0000000006,0000000007),(2014,'Ukraine','Romania',0000000004,0000000005),(2014,'Ukraine','Russia',0000000012,0000000001),(2014,'Ukraine','North Macedonia',0000000003,0000000006),(2014,'Ukraine','Bulgaria',0000000008,0000000003),(2014,'Ukraine','Italy',0000000010,0000000004),(2014,'Ukraine','Switzerland',0000000001,0000000012),(2014,'Ukraine','France',0000000002,0000000010),(2014,'Bosnia and Herzegovina','Estonia',0000000001,0000000003),(2014,'Bosnia and Herzegovina','Ukraine',0000000005,0000000002),(2014,'Bosnia and Herzegovina','Switzerland',0000000010,0000000006),(2014,'Bosnia and Herzegovina','Hungary',0000000003,0000000001),(2014,'Bosnia and Herzegovina','Russia',0000000002,0000000007),(2014,'Bosnia and Herzegovina','Romania',0000000006,0000000008),(2014,'Bosnia and Herzegovina','Czech Republic',0000000012,0000000012),(2014,'Bosnia and Herzegovina','France',0000000008,0000000005),(2014,'Bosnia and Herzegovina','Slovakia',0000000004,0000000010),(2014,'Bosnia and Herzegovina','Serbia',0000000007,0000000004),(2014,'Netherlands','Bosnia and Herzegovina',0000000002,0000000003),(2014,'Netherlands','France',0000000003,0000000007),(2014,'Netherlands','Hungary',0000000001,0000000005),(2014,'Netherlands','Ukraine',0000000007,0000000008),(2014,'Netherlands','Malta',0000000005,0000000001),(2014,'Netherlands','Serbia',0000000008,0000000006),(2014,'Netherlands','Norway',0000000004,0000000002),(2014,'Netherlands','Estonia',0000000012,0000000004),(2014,'Netherlands','Bulgaria',0000000010,0000000010),(2014,'Netherlands','Slovakia',0000000006,0000000012),(2014,'Estonia','Switzerland',0000000005,0000000001),(2014,'Estonia','Bosnia and Herzegovina',0000000012,0000000004),(2014,'Estonia','United Kingdom',0000000002,0000000005),(2014,'Estonia','Iceland',0000000001,0000000012),(2014,'Estonia','Norway',0000000003,0000000006),(2014,'Estonia','Czech Republic',0000000006,0000000007),(2014,'Estonia','Latvia',0000000004,0000000008),(2014,'Estonia','Russia',0000000010,0000000003),(2014,'Estonia','Malta',0000000007,0000000002),(2014,'Estonia','Netherlands',0000000008,0000000010),(2014,'North Macedonia','Russia',0000000004,0000000010),(2014,'North Macedonia','Malta',0000000003,0000000002),(2014,'North Macedonia','United Kingdom',0000000012,0000000003),(2014,'North Macedonia','Estonia',0000000006,0000000004),(2014,'North Macedonia','Italy',0000000008,0000000006),(2014,'North Macedonia','Turkey',0000000002,0000000008),(2014,'North Macedonia','France',0000000005,0000000001),(2014,'North Macedonia','Serbia',0000000001,0000000005),(2014,'North Macedonia','Czech Republic',0000000010,0000000007),(2014,'North Macedonia','Romania',0000000007,0000000012),(2014,'France','Malta',0000000012,0000000006),(2014,'France','Luxembourg',0000000005,0000000005),(2014,'France','Switzerland',0000000002,0000000007),(2014,'France','Andorra',0000000010,0000000010),(2014,'France','Iceland',0000000001,0000000004),(2014,'France','Germany',0000000006,0000000012),(2014,'France','Ukraine',0000000007,0000000002),(2014,'France','Netherlands',0000000003,0000000001),(2014,'France','Czech Republic',0000000004,0000000003),(2014,'France','Russia',0000000008,0000000008),(2014,'Malta','Turkey',0000000012,0000000004),(2014,'Malta','Hungary',0000000001,0000000002),(2014,'Malta','Andorra',0000000007,0000000010),(2014,'Malta','United Kingdom',0000000003,0000000005),(2014,'Malta','Luxembourg',0000000008,0000000007),(2014,'Malta','Netherlands',0000000006,0000000001),(2014,'Malta','Czech Republic',0000000005,0000000008),(2014,'Malta','North Macedonia',0000000010,0000000006),(2014,'Malta','Germany',0000000002,0000000003),(2014,'Malta','San Marino',0000000004,0000000012),(2014,'San Marino','Russia',0000000005,0000000006),(2014,'San Marino','Norway',0000000002,0000000001),(2014,'San Marino','Slovakia',0000000003,0000000002),(2014,'San Marino','Italy',0000000001,0000000003),(2014,'San Marino','Estonia',0000000004,0000000007),(2014,'San Marino','Hungary',0000000010,0000000010),(2014,'San Marino','Romania',0000000007,0000000012),(2014,'San Marino','Ukraine',0000000006,0000000005),(2014,'San Marino','Luxembourg',0000000008,0000000004),(2014,'San Marino','Bosnia and Herzegovina',0000000012,0000000008),(2014,'Latvia','Luxembourg',0000000012,0000000007),(2014,'Latvia','Iceland',0000000008,0000000005),(2014,'Latvia','Turkey',0000000010,0000000004),(2014,'Latvia','Andorra',0000000004,0000000010),(2014,'Latvia','Serbia',0000000001,0000000003),(2014,'Latvia','San Marino',0000000007,0000000006),(2014,'Latvia','Germany',0000000006,0000000012),(2014,'Latvia','Netherlands',0000000005,0000000002),(2014,'Latvia','Ukraine',0000000003,0000000001),(2014,'Latvia','North Macedonia',0000000002,0000000008),(2014,'Czech Republic','France',0000000012,0000000002),(2014,'Czech Republic','San Marino',0000000006,0000000005),(2014,'Czech Republic','Switzerland',0000000003,0000000008),(2014,'Czech Republic','Malta',0000000010,0000000012),(2014,'Czech Republic','Russia',0000000001,0000000007),(2014,'Czech Republic','Romania',0000000007,0000000001),(2014,'Czech Republic','Bosnia and Herzegovina',0000000008,0000000003),(2014,'Czech Republic','Germany',0000000004,0000000006),(2014,'Czech Republic','United Kingdom',0000000002,0000000004),(2014,'Czech Republic','Italy',0000000005,0000000010),(2014,'Andorra','Germany',0000000012,0000000004),(2014,'Andorra','Czech Republic',0000000010,0000000001),(2014,'Andorra','Italy',0000000001,0000000010),(2014,'Andorra','San Marino',0000000005,0000000002),(2014,'Andorra','Estonia',0000000004,0000000008),(2014,'Andorra','France',0000000002,0000000006),(2014,'Andorra','Russia',0000000008,0000000003),(2014,'Andorra','Bosnia and Herzegovina',0000000003,0000000007),(2014,'Andorra','Luxembourg',0000000006,0000000012),(2014,'Andorra','Serbia',0000000007,0000000005),(2014,'Germany','Italy',0000000007,0000000001),(2014,'Germany','France',0000000010,0000000008),(2014,'Germany','Slovakia',0000000003,0000000002),(2014,'Germany','Andorra',0000000001,0000000010),(2014,'Germany','Estonia',0000000005,0000000004),(2014,'Germany','Romania',0000000012,0000000005),(2014,'Germany','Bulgaria',0000000002,0000000012),(2014,'Germany','Malta',0000000006,0000000006),(2014,'Germany','Czech Republic',0000000008,0000000007),(2014,'Germany','Latvia',0000000004,0000000003),(2014,'Luxembourg','Russia',0000000007,0000000007),(2014,'Luxembourg','Malta',0000000004,0000000002),(2014,'Luxembourg','France',0000000003,0000000008),(2014,'Luxembourg','Estonia',0000000010,0000000004),(2014,'Luxembourg','Italy',0000000012,0000000005),(2014,'Luxembourg','Switzerland',0000000006,0000000003),(2014,'Luxembourg','Iceland',0000000008,0000000010),(2014,'Luxembourg','Bosnia and Herzegovina',0000000001,0000000006),(2014,'Luxembourg','Germany',0000000005,0000000001),(2014,'Luxembourg','Norway',0000000002,0000000012),(2014,'Russia','Iceland',0000000005,0000000001),(2014,'Russia','Luxembourg',0000000006,0000000010),(2014,'Russia','Netherlands',0000000003,0000000002),(2014,'Russia','Ukraine',0000000012,0000000004),(2014,'Russia','Bosnia and Herzegovina',0000000008,0000000008),(2014,'Russia','Switzerland',0000000004,0000000005),(2014,'Russia','Estonia',0000000002,0000000006),(2014,'Russia','Germany',0000000001,0000000007),(2014,'Russia','San Marino',0000000010,0000000003),(2014,'Russia','North Macedonia',0000000007,0000000012),(2014,'Bulgaria','Serbia',0000000006,0000000004),(2014,'Bulgaria','Malta',0000000004,0000000003),(2014,'Bulgaria','Hungary',0000000001,0000000001),(2014,'Bulgaria','Luxembourg',0000000008,0000000010),(2014,'Bulgaria','Turkey',0000000012,0000000006),(2014,'Bulgaria','Czech Republic',0000000005,0000000012),(2014,'Bulgaria','Slovakia',0000000007,0000000002),(2014,'Bulgaria','Iceland',0000000002,0000000005),(2014,'Bulgaria','Estonia',0000000003,0000000008),(2014,'Bulgaria','Russia',0000000010,0000000007),(2014,'Iceland','Ukraine',0000000001,0000000005),(2014,'Iceland','Netherlands',0000000003,0000000003),(2014,'Iceland','San Marino',0000000007,0000000012),(2014,'Iceland','Germany',0000000006,0000000006),(2014,'Iceland','Slovakia',0000000002,0000000007),(2014,'Iceland','France',0000000012,0000000010),(2014,'Iceland','Andorra',0000000004,0000000008),(2014,'Iceland','Russia',0000000008,0000000001),(2014,'Iceland','Norway',0000000005,0000000004),(2014,'Iceland','Turkey',0000000010,0000000002),(2014,'Romania','Ukraine',0000000001,0000000008),(2014,'Romania','Iceland',0000000003,0000000012),(2014,'Romania','North Macedonia',0000000008,0000000004),(2014,'Romania','Latvia',0000000005,0000000003),(2014,'Romania','France',0000000006,0000000006),(2014,'Romania','Luxembourg',0000000007,0000000005),(2014,'Romania','Russia',0000000002,0000000001),(2014,'Romania','Andorra',0000000010,0000000010),(2014,'Romania','Hungary',0000000004,0000000007),(2014,'Romania','Serbia',0000000012,0000000002),(2014,'Italy','Russia',0000000010,0000000008),(2014,'Italy','Netherlands',0000000003,0000000006),(2014,'Italy','Serbia',0000000005,0000000003),(2014,'Italy','San Marino',0000000012,0000000001),(2014,'Italy','Ukraine',0000000001,0000000007),(2014,'Italy','North Macedonia',0000000002,0000000005),(2014,'Italy','Turkey',0000000008,0000000004),(2014,'Italy','Bulgaria',0000000007,0000000010),(2014,'Italy','Germany',0000000004,0000000002),(2014,'Italy','Luxembourg',0000000006,0000000012),(2014,'Switzerland','Bosnia and Herzegovina',0000000001,0000000002),(2014,'Switzerland','Luxembourg',0000000012,0000000010),(2014,'Switzerland','Iceland',0000000008,0000000005),(2014,'Switzerland','Czech Republic',0000000005,0000000012),(2014,'Switzerland','Netherlands',0000000002,0000000003),(2014,'Switzerland','North Macedonia',0000000003,0000000006),(2014,'Switzerland','Latvia',0000000010,0000000004),(2014,'Switzerland','Norway',0000000004,0000000007),(2014,'Switzerland','Slovakia',0000000006,0000000001),(2014,'Switzerland','Andorra',0000000007,0000000008),(2014,'Hungary','Luxembourg',0000000008,0000000002),(2014,'Hungary','North Macedonia',0000000005,0000000006),(2014,'Hungary','Romania',0000000003,0000000012),(2014,'Hungary','Czech Republic',0000000007,0000000003),(2014,'Hungary','Estonia',0000000001,0000000007),(2014,'Hungary','Switzerland',0000000006,0000000001),(2014,'Hungary','Latvia',0000000010,0000000005),(2014,'Hungary','Andorra',0000000002,0000000010),(2014,'Hungary','Turkey',0000000004,0000000008),(2014,'Hungary','Bulgaria',0000000012,0000000004),(2014,'Slovakia','United Kingdom',0000000008,0000000008),(2014,'Slovakia','Netherlands',0000000006,0000000002),(2014,'Slovakia','Czech Republic',0000000001,0000000006),(2014,'Slovakia','Luxembourg',0000000010,0000000005),(2014,'Slovakia','Iceland',0000000012,0000000004),(2014,'Slovakia','Romania',0000000004,0000000010),(2014,'Slovakia','Russia',0000000003,0000000012),(2014,'Slovakia','Estonia',0000000007,0000000003),(2014,'Slovakia','Bosnia and Herzegovina',0000000005,0000000007),(2014,'Slovakia','Norway',0000000002,0000000001),(2014,'United Kingdom','Hungary',0000000010,0000000004),(2014,'United Kingdom','Switzerland',0000000002,0000000001),(2014,'United Kingdom','Czech Republic',0000000004,0000000005),(2014,'United Kingdom','Iceland',0000000005,0000000002),(2014,'United Kingdom','Romania',0000000006,0000000012),(2014,'United Kingdom','Bulgaria',0000000007,0000000007),(2014,'United Kingdom','Bosnia and Herzegovina',0000000001,0000000006),(2014,'United Kingdom','Malta',0000000003,0000000003),(2014,'United Kingdom','Andorra',0000000008,0000000008),(2014,'United Kingdom','Serbia',0000000012,0000000010),(2013,'Bulgaria','Luxembourg',0000000004,0000000006),(2013,'Bulgaria','France',0000000001,0000000004),(2013,'Bulgaria','Austria',0000000003,0000000010),(2013,'Bulgaria','Georgia',0000000008,0000000005),(2013,'Bulgaria','Iceland',0000000005,0000000001),(2013,'Bulgaria','Spain',0000000012,0000000008),(2013,'Bulgaria','Switzerland',0000000007,0000000002),(2013,'Bulgaria','Armenia',0000000002,0000000012),(2013,'Bulgaria','Yugoslavia',0000000010,0000000007),(2013,'Bulgaria','Italy',0000000006,0000000003),(2013,'Georgia','Slovenia',0000000002,0000000002),(2013,'Georgia','Azerbaijan',0000000004,0000000001),(2013,'Georgia','Yugoslavia',0000000008,0000000008),(2013,'Georgia','Luxembourg',0000000007,0000000007),(2013,'Georgia','Finland',0000000010,0000000012),(2013,'Georgia','Spain',0000000001,0000000010),(2013,'Georgia','France',0000000005,0000000003),(2013,'Georgia','Malta',0000000012,0000000005),(2013,'Georgia','Ukraine',0000000006,0000000004),(2013,'Georgia','Portugal',0000000003,0000000006),(2013,'Yugoslavia','Bulgaria',0000000012,0000000002),(2013,'Yugoslavia','Ukraine',0000000004,0000000008),(2013,'Yugoslavia','Iceland',0000000007,0000000007),(2013,'Yugoslavia','Austria',0000000002,0000000012),(2013,'Yugoslavia','United Kingdom',0000000006,0000000001),(2013,'Yugoslavia','Switzerland',0000000005,0000000010),(2013,'Yugoslavia','Finland',0000000003,0000000004),(2013,'Yugoslavia','Belarus',0000000008,0000000005),(2013,'Yugoslavia','Latvia',0000000010,0000000006),(2013,'Yugoslavia','San Marino',0000000001,0000000003),(2013,'Finland','Spain',0000000007,0000000002),(2013,'Finland','Georgia',0000000004,0000000008),(2013,'Finland','Slovenia',0000000002,0000000001),(2013,'Finland','Australia',0000000001,0000000010),(2013,'Finland','Belarus',0000000006,0000000004),(2013,'Finland','Lithuania',0000000010,0000000007),(2013,'Finland','San Marino',0000000003,0000000003),(2013,'Finland','Norway',0000000005,0000000006),(2013,'Finland','Ukraine',0000000012,0000000012),(2013,'Finland','Azerbaijan',0000000008,0000000005),(2013,'Ukraine','Malta',0000000005,0000000008),(2013,'Ukraine','Lithuania',0000000004,0000000007),(2013,'Ukraine','Portugal',0000000006,0000000004),(2013,'Ukraine','Iceland',0000000003,0000000006),(2013,'Ukraine','France',0000000007,0000000012),(2013,'Ukraine','Spain',0000000002,0000000003),(2013,'Ukraine','United Kingdom',0000000008,0000000010),(2013,'Ukraine','Armenia',0000000010,0000000002),(2013,'Ukraine','Slovenia',0000000001,0000000001),(2013,'Ukraine','Belarus',0000000012,0000000005),(2013,'Portugal','Bulgaria',0000000008,0000000003),(2013,'Portugal','Iceland',0000000012,0000000002),(2013,'Portugal','Georgia',0000000006,0000000006),(2013,'Portugal','Greece',0000000003,0000000008),(2013,'Portugal','Norway',0000000010,0000000005),(2013,'Portugal','Italy',0000000007,0000000012),(2013,'Portugal','Spain',0000000005,0000000001),(2013,'Portugal','Malta',0000000004,0000000004),(2013,'Portugal','San Marino',0000000001,0000000010),(2013,'Portugal','France',0000000002,0000000007),(2013,'Slovenia','Australia',0000000002,0000000001),(2013,'Slovenia','Georgia',0000000007,0000000007),(2013,'Slovenia','Luxembourg',0000000003,0000000010),(2013,'Slovenia','Latvia',0000000008,0000000005),(2013,'Slovenia','Italy',0000000005,0000000012),(2013,'Slovenia','Norway',0000000012,0000000004),(2013,'Slovenia','Yugoslavia',0000000004,0000000008),(2013,'Slovenia','San Marino',0000000006,0000000003),(2013,'Slovenia','Finland',0000000010,0000000006),(2013,'Slovenia','Spain',0000000001,0000000002),(2013,'Norway','Armenia',0000000008,0000000005),(2013,'Norway','Italy',0000000010,0000000003),(2013,'Norway','Latvia',0000000005,0000000001),(2013,'Norway','Georgia',0000000007,0000000006),(2013,'Norway','Lithuania',0000000004,0000000004),(2013,'Norway','Switzerland',0000000001,0000000012),(2013,'Norway','Bulgaria',0000000002,0000000007),(2013,'Norway','Luxembourg',0000000012,0000000002),(2013,'Norway','Malta',0000000003,0000000010),(2013,'Norway','Australia',0000000006,0000000008),(2013,'Iceland','Switzerland',0000000012,0000000005),(2013,'Iceland','Bulgaria',0000000001,0000000004),(2013,'Iceland','United Kingdom',0000000010,0000000012),(2013,'Iceland','Italy',0000000004,0000000001),(2013,'Iceland','San Marino',0000000008,0000000008),(2013,'Iceland','Azerbaijan',0000000002,0000000007),(2013,'Iceland','Spain',0000000006,0000000003),(2013,'Iceland','Malta',0000000005,0000000010),(2013,'Iceland','Ukraine',0000000003,0000000006),(2013,'Iceland','Norway',0000000007,0000000002),(2013,'Italy','Spain',0000000003,0000000007),(2013,'Italy','France',0000000006,0000000003),(2013,'Italy','Azerbaijan',0000000005,0000000001),(2013,'Italy','Luxembourg',0000000012,0000000012),(2013,'Italy','Armenia',0000000004,0000000006),(2013,'Italy','Malta',0000000008,0000000002),(2013,'Italy','Slovenia',0000000010,0000000008),(2013,'Italy','San Marino',0000000007,0000000004),(2013,'Italy','Belarus',0000000001,0000000005),(2013,'Italy','Georgia',0000000002,0000000010),(2013,'Azerbaijan','Austria',0000000001,0000000007),(2013,'Azerbaijan','Lithuania',0000000002,0000000012),(2013,'Azerbaijan','Latvia',0000000012,0000000010),(2013,'Azerbaijan','Luxembourg',0000000005,0000000008),(2013,'Azerbaijan','France',0000000008,0000000001),(2013,'Azerbaijan','San Marino',0000000003,0000000005),(2013,'Azerbaijan','Spain',0000000010,0000000003),(2013,'Azerbaijan','Belarus',0000000004,0000000002),(2013,'Azerbaijan','Slovenia',0000000006,0000000004),(2013,'Azerbaijan','Bulgaria',0000000007,0000000006),(2013,'United Kingdom','Lithuania',0000000008,0000000002),(2013,'United Kingdom','Portugal',0000000001,0000000001),(2013,'United Kingdom','Finland',0000000005,0000000003),(2013,'United Kingdom','Slovenia',0000000006,0000000006),(2013,'United Kingdom','Austria',0000000010,0000000005),(2013,'United Kingdom','Luxembourg',0000000012,0000000004),(2013,'United Kingdom','Georgia',0000000007,0000000010),(2013,'United Kingdom','San Marino',0000000002,0000000012),(2013,'United Kingdom','Latvia',0000000003,0000000007),(2013,'United Kingdom','Spain',0000000004,0000000008),(2013,'Armenia','United Kingdom',0000000004,0000000005),(2013,'Armenia','Australia',0000000003,0000000006),(2013,'Armenia','Iceland',0000000006,0000000004),(2013,'Armenia','Belarus',0000000012,0000000012),(2013,'Armenia','Portugal',0000000007,0000000007),(2013,'Armenia','Luxembourg',0000000002,0000000003),(2013,'Armenia','Georgia',0000000010,0000000010),(2013,'Armenia','Malta',0000000001,0000000008),(2013,'Armenia','San Marino',0000000008,0000000001),(2013,'Armenia','France',0000000005,0000000002),(2013,'Austria','San Marino',0000000007,0000000002),(2013,'Austria','Australia',0000000005,0000000012),(2013,'Austria','Malta',0000000003,0000000008),(2013,'Austria','Finland',0000000004,0000000006),(2013,'Austria','Iceland',0000000001,0000000004),(2013,'Austria','Italy',0000000008,0000000007),(2013,'Austria','Georgia',0000000012,0000000003),(2013,'Austria','Azerbaijan',0000000010,0000000005),(2013,'Austria','Slovenia',0000000002,0000000010),(2013,'Austria','United Kingdom',0000000006,0000000001),(2013,'Switzerland','Georgia',0000000006,0000000007),(2013,'Switzerland','Italy',0000000007,0000000004),(2013,'Switzerland','Slovenia',0000000002,0000000006),(2013,'Switzerland','Belarus',0000000005,0000000008),(2013,'Switzerland','Norway',0000000010,0000000003),(2013,'Switzerland','Greece',0000000012,0000000010),(2013,'Switzerland','Austria',0000000004,0000000002),(2013,'Switzerland','Finland',0000000008,0000000001),(2013,'Switzerland','France',0000000001,0000000005),(2013,'Switzerland','Iceland',0000000003,0000000012),(2013,'Luxembourg','Austria',0000000006,0000000007),(2013,'Luxembourg','San Marino',0000000007,0000000005),(2013,'Luxembourg','Belarus',0000000002,0000000006),(2013,'Luxembourg','Portugal',0000000010,0000000001),(2013,'Luxembourg','Switzerland',0000000004,0000000010),(2013,'Luxembourg','Armenia',0000000003,0000000004),(2013,'Luxembourg','France',0000000001,0000000002),(2013,'Luxembourg','Yugoslavia',0000000012,0000000003),(2013,'Luxembourg','Ukraine',0000000005,0000000008),(2013,'Luxembourg','Bulgaria',0000000008,0000000012),(2013,'Malta','Iceland',0000000001,0000000007),(2013,'Malta','Georgia',0000000003,0000000010),(2013,'Malta','Azerbaijan',0000000008,0000000003),(2013,'Malta','Yugoslavia',0000000002,0000000002),(2013,'Malta','Austria',0000000010,0000000001),(2013,'Malta','Portugal',0000000012,0000000012),(2013,'Malta','Norway',0000000004,0000000005),(2013,'Malta','France',0000000007,0000000004),(2013,'Malta','Slovenia',0000000006,0000000008),(2013,'Malta','Finland',0000000005,0000000006),(2013,'Latvia','Georgia',0000000012,0000000007),(2013,'Latvia','Iceland',0000000008,0000000005),(2013,'Latvia','Luxembourg',0000000010,0000000012),(2013,'Latvia','Armenia',0000000006,0000000006),(2013,'Latvia','Malta',0000000007,0000000003),(2013,'Latvia','Austria',0000000005,0000000002),(2013,'Latvia','Italy',0000000004,0000000008),(2013,'Latvia','Finland',0000000003,0000000004),(2013,'Latvia','Australia',0000000001,0000000001),(2013,'Latvia','Lithuania',0000000002,0000000010),(2013,'France','Italy',0000000004,0000000004),(2013,'France','Portugal',0000000006,0000000006),(2013,'France','Norway',0000000012,0000000005),(2013,'France','Georgia',0000000008,0000000008),(2013,'France','Belarus',0000000002,0000000007),(2013,'France','Bulgaria',0000000007,0000000001),(2013,'France','Ukraine',0000000010,0000000003),(2013,'France','Slovenia',0000000005,0000000010),(2013,'France','Spain',0000000003,0000000002),(2013,'France','Switzerland',0000000001,0000000012),(2013,'Lithuania','Malta',0000000007,0000000003),(2013,'Lithuania','Armenia',0000000010,0000000004),(2013,'Lithuania','Spain',0000000008,0000000006),(2013,'Lithuania','United Kingdom',0000000006,0000000002),(2013,'Lithuania','Norway',0000000012,0000000001),(2013,'Lithuania','Azerbaijan',0000000002,0000000012),(2013,'Lithuania','Iceland',0000000004,0000000005),(2013,'Lithuania','Bulgaria',0000000001,0000000007),(2013,'Lithuania','Slovenia',0000000003,0000000010),(2013,'Lithuania','France',0000000005,0000000008),(2013,'Belarus','Latvia',0000000002,0000000005),(2013,'Belarus','France',0000000004,0000000010),(2013,'Belarus','Norway',0000000006,0000000003),(2013,'Belarus','Switzerland',0000000012,0000000006),(2013,'Belarus','Italy',0000000008,0000000012),(2013,'Belarus','Yugoslavia',0000000010,0000000001),(2013,'Belarus','Luxembourg',0000000005,0000000002),(2013,'Belarus','Australia',0000000007,0000000007),(2013,'Belarus','Slovenia',0000000003,0000000004),(2013,'Belarus','Portugal',0000000001,0000000008),(2013,'Greece','Luxembourg',0000000007,0000000004),(2013,'Greece','Finland',0000000010,0000000001),(2013,'Greece','Switzerland',0000000003,0000000008),(2013,'Greece','France',0000000004,0000000005),(2013,'Greece','Iceland',0000000001,0000000002),(2013,'Greece','Slovenia',0000000002,0000000007),(2013,'Greece','Georgia',0000000012,0000000003),(2013,'Greece','Norway',0000000005,0000000006),(2013,'Greece','Latvia',0000000006,0000000012),(2013,'Greece','Armenia',0000000008,0000000010),(2013,'Spain','Portugal',0000000010,0000000010),(2013,'Spain','France',0000000005,0000000008),(2013,'Spain','Greece',0000000008,0000000012),(2013,'Spain','Austria',0000000003,0000000007),(2013,'Spain','Iceland',0000000007,0000000005),(2013,'Spain','Georgia',0000000002,0000000006),(2013,'Spain','Switzerland',0000000006,0000000002),(2013,'Spain','Australia',0000000004,0000000001),(2013,'Spain','Finland',0000000001,0000000003),(2013,'Spain','Italy',0000000012,0000000004),(2013,'San Marino','France',0000000006,0000000006),(2013,'San Marino','Malta',0000000001,0000000008),(2013,'San Marino','United Kingdom',0000000002,0000000007),(2013,'San Marino','Spain',0000000010,0000000005),(2013,'San Marino','Greece',0000000012,0000000004),(2013,'San Marino','Italy',0000000005,0000000001),(2013,'San Marino','Portugal',0000000003,0000000002),(2013,'San Marino','Belarus',0000000004,0000000003),(2013,'San Marino','Ukraine',0000000008,0000000012),(2013,'San Marino','Yugoslavia',0000000007,0000000010),(2013,'Australia','Greece',0000000005,0000000006),(2013,'Australia','Switzerland',0000000004,0000000012),(2013,'Australia','Slovenia',0000000001,0000000002),(2013,'Australia','Ukraine',0000000002,0000000005),(2013,'Australia','San Marino',0000000007,0000000004),(2013,'Australia','Azerbaijan',0000000010,0000000003),(2013,'Australia','Norway',0000000012,0000000007),(2013,'Australia','Armenia',0000000006,0000000010),(2013,'Australia','Georgia',0000000003,0000000001),(2013,'Australia','Iceland',0000000008,0000000008),(2012,'Ukraine','Greece',0000000004,0000000003),(2012,'Ukraine','Luxembourg',0000000008,0000000004),(2012,'Ukraine','Bulgaria',0000000012,0000000008),(2012,'Ukraine','Latvia',0000000003,0000000010),(2012,'Ukraine','Australia',0000000006,0000000006),(2012,'Ukraine','Malta',0000000010,0000000002),(2012,'Ukraine','Belarus',0000000001,0000000007),(2012,'Ukraine','Austria',0000000002,0000000012),(2012,'Ukraine','Turkey',0000000007,0000000001),(2012,'Ukraine','Russia',0000000005,0000000005),(2012,'Malta','Denmark',0000000006,0000000002),(2012,'Malta','Bulgaria',0000000002,0000000005),(2012,'Malta','Slovakia',0000000001,0000000012),(2012,'Malta','Latvia',0000000003,0000000003),(2012,'Malta','Andorra',0000000012,0000000006),(2012,'Malta','Russia',0000000008,0000000008),(2012,'Malta','Sweden',0000000010,0000000004),(2012,'Malta','Serbia',0000000004,0000000007),(2012,'Malta','Luxembourg',0000000007,0000000010),(2012,'Malta','Belarus',0000000005,0000000001),(2012,'Sweden','Turkey',0000000006,0000000001),(2012,'Sweden','Slovakia',0000000010,0000000006),(2012,'Sweden','Estonia',0000000012,0000000010),(2012,'Sweden','Moldova',0000000001,0000000008),(2012,'Sweden','Norway',0000000004,0000000002),(2012,'Sweden','Australia',0000000007,0000000003),(2012,'Sweden','Denmark',0000000002,0000000012),(2012,'Sweden','Malta',0000000008,0000000005),(2012,'Sweden','Austria',0000000005,0000000004),(2012,'Sweden','Finland',0000000003,0000000007),(2012,'Norway','Andorra',0000000010,0000000004),(2012,'Norway','Belarus',0000000003,0000000003),(2012,'Norway','Austria',0000000004,0000000010),(2012,'Norway','Slovakia',0000000012,0000000012),(2012,'Norway','Denmark',0000000006,0000000001),(2012,'Norway','Greece',0000000001,0000000005),(2012,'Norway','Moldova',0000000002,0000000002),(2012,'Norway','Finland',0000000008,0000000006),(2012,'Norway','Malta',0000000005,0000000008),(2012,'Norway','Ukraine',0000000007,0000000007),(2012,'Slovakia','Iceland',0000000005,0000000003),(2012,'Slovakia','Serbia',0000000003,0000000006),(2012,'Slovakia','Luxembourg',0000000007,0000000005),(2012,'Slovakia','Moldova',0000000012,0000000010),(2012,'Slovakia','Finland',0000000004,0000000012),(2012,'Slovakia','Sweden',0000000001,0000000008),(2012,'Slovakia','Russia',0000000008,0000000004),(2012,'Slovakia','Estonia',0000000006,0000000007),(2012,'Slovakia','Bulgaria',0000000010,0000000002),(2012,'Slovakia','Belarus',0000000002,0000000001),(2012,'Serbia','Slovakia',0000000002,0000000012),(2012,'Serbia','Austria',0000000010,0000000003),(2012,'Serbia','Azerbaijan',0000000012,0000000002),(2012,'Serbia','Sweden',0000000005,0000000008),(2012,'Serbia','Estonia',0000000008,0000000007),(2012,'Serbia','Australia',0000000006,0000000004),(2012,'Serbia','Greece',0000000003,0000000006),(2012,'Serbia','Croatia',0000000004,0000000005),(2012,'Serbia','Moldova',0000000007,0000000010),(2012,'Serbia','Latvia',0000000001,0000000001),(2012,'Russia','Belarus',0000000001,0000000007),(2012,'Russia','Slovakia',0000000003,0000000001),(2012,'Russia','Croatia',0000000008,0000000010),(2012,'Russia','Azerbaijan',0000000012,0000000005),(2012,'Russia','Greece',0000000006,0000000003),(2012,'Russia','Sweden',0000000010,0000000008),(2012,'Russia','Australia',0000000007,0000000004),(2012,'Russia','Moldova',0000000002,0000000002),(2012,'Russia','Estonia',0000000004,0000000012),(2012,'Russia','Latvia',0000000005,0000000006),(2012,'Greece','Serbia',0000000001,0000000004),(2012,'Greece','Austria',0000000002,0000000003),(2012,'Greece','Australia',0000000003,0000000010),(2012,'Greece','Montenegro',0000000008,0000000002),(2012,'Greece','Bulgaria',0000000012,0000000006),(2012,'Greece','Malta',0000000007,0000000008),(2012,'Greece','Andorra',0000000006,0000000001),(2012,'Greece','Denmark',0000000005,0000000012),(2012,'Greece','Finland',0000000004,0000000007),(2012,'Greece','Georgia',0000000010,0000000005),(2012,'Denmark','Ukraine',0000000004,0000000002),(2012,'Denmark','Sweden',0000000005,0000000001),(2012,'Denmark','Latvia',0000000012,0000000012),(2012,'Denmark','Norway',0000000002,0000000006),(2012,'Denmark','Montenegro',0000000008,0000000003),(2012,'Denmark','Malta',0000000001,0000000008),(2012,'Denmark','Azerbaijan',0000000003,0000000007),(2012,'Denmark','Australia',0000000010,0000000005),(2012,'Denmark','Belarus',0000000007,0000000004),(2012,'Denmark','Luxembourg',0000000006,0000000010),(2012,'Estonia','Australia',0000000001,0000000001),(2012,'Estonia','Ukraine',0000000002,0000000007),(2012,'Estonia','Finland',0000000007,0000000005),(2012,'Estonia','Luxembourg',0000000010,0000000006),(2012,'Estonia','Andorra',0000000006,0000000002),(2012,'Estonia','Denmark',0000000008,0000000008),(2012,'Estonia','Slovakia',0000000005,0000000012),(2012,'Estonia','Sweden',0000000003,0000000004),(2012,'Estonia','Moldova',0000000012,0000000010),(2012,'Estonia','Austria',0000000004,0000000003),(2012,'Belarus','Finland',0000000006,0000000010),(2012,'Belarus','Norway',0000000007,0000000001),(2012,'Belarus','Montenegro',0000000004,0000000003),(2012,'Belarus','Croatia',0000000008,0000000008),(2012,'Belarus','Serbia',0000000003,0000000012),(2012,'Belarus','Iceland',0000000002,0000000002),(2012,'Belarus','Denmark',0000000005,0000000004),(2012,'Belarus','Luxembourg',0000000010,0000000006),(2012,'Belarus','Russia',0000000001,0000000005),(2012,'Belarus','Australia',0000000012,0000000007),(2012,'Austria','Serbia',0000000002,0000000007),(2012,'Austria','Luxembourg',0000000006,0000000003),(2012,'Austria','Slovakia',0000000005,0000000010),(2012,'Austria','Denmark',0000000010,0000000004),(2012,'Austria','Iceland',0000000003,0000000005),(2012,'Austria','Sweden',0000000001,0000000001),(2012,'Austria','Moldova',0000000004,0000000006),(2012,'Austria','Turkey',0000000007,0000000002),(2012,'Austria','Australia',0000000012,0000000008),(2012,'Austria','Greece',0000000008,0000000012),(2012,'Croatia','Latvia',0000000012,0000000001),(2012,'Croatia','Iceland',0000000003,0000000003),(2012,'Croatia','Moldova',0000000010,0000000002),(2012,'Croatia','Slovakia',0000000002,0000000012),(2012,'Croatia','Luxembourg',0000000006,0000000008),(2012,'Croatia','Belarus',0000000005,0000000005),(2012,'Croatia','Russia',0000000007,0000000010),(2012,'Croatia','Greece',0000000004,0000000006),(2012,'Croatia','Estonia',0000000001,0000000007),(2012,'Croatia','Montenegro',0000000008,0000000004),(2012,'Latvia','Montenegro',0000000006,0000000005),(2012,'Latvia','Denmark',0000000012,0000000007),(2012,'Latvia','Moldova',0000000005,0000000001),(2012,'Latvia','Malta',0000000001,0000000010),(2012,'Latvia','Turkey',0000000010,0000000003),(2012,'Latvia','Slovakia',0000000002,0000000004),(2012,'Latvia','Belarus',0000000003,0000000008),(2012,'Latvia','Sweden',0000000007,0000000006),(2012,'Latvia','Russia',0000000008,0000000002),(2012,'Latvia','Greece',0000000004,0000000012),(2012,'Georgia','Austria',0000000001,0000000006),(2012,'Georgia','Ukraine',0000000010,0000000001),(2012,'Georgia','Belarus',0000000007,0000000002),(2012,'Georgia','Iceland',0000000006,0000000005),(2012,'Georgia','Croatia',0000000002,0000000012),(2012,'Georgia','Finland',0000000012,0000000004),(2012,'Georgia','Malta',0000000003,0000000007),(2012,'Georgia','Moldova',0000000004,0000000010),(2012,'Georgia','Russia',0000000008,0000000003),(2012,'Georgia','Slovakia',0000000005,0000000008),(2012,'Andorra','Austria',0000000006,0000000001),(2012,'Andorra','Malta',0000000005,0000000010),(2012,'Andorra','Turkey',0000000002,0000000003),(2012,'Andorra','Russia',0000000001,0000000005),(2012,'Andorra','Slovakia',0000000003,0000000008),(2012,'Andorra','Moldova',0000000012,0000000007),(2012,'Andorra','Greece',0000000004,0000000002),(2012,'Andorra','Azerbaijan',0000000010,0000000004),(2012,'Andorra','Denmark',0000000008,0000000006),(2012,'Andorra','Ukraine',0000000007,0000000012),(2012,'Bulgaria','Slovakia',0000000001,0000000008),(2012,'Bulgaria','Georgia',0000000010,0000000002),(2012,'Bulgaria','Serbia',0000000005,0000000005),(2012,'Bulgaria','Azerbaijan',0000000008,0000000001),(2012,'Bulgaria','Australia',0000000002,0000000003),(2012,'Bulgaria','Croatia',0000000004,0000000004),(2012,'Bulgaria','Malta',0000000012,0000000012),(2012,'Bulgaria','Denmark',0000000003,0000000007),(2012,'Bulgaria','Austria',0000000006,0000000010),(2012,'Bulgaria','Montenegro',0000000007,0000000006),(2012,'Iceland','Norway',0000000002,0000000007),(2012,'Iceland','Ukraine',0000000008,0000000003),(2012,'Iceland','Bulgaria',0000000007,0000000001),(2012,'Iceland','Russia',0000000004,0000000004),(2012,'Iceland','Croatia',0000000010,0000000005),(2012,'Iceland','Luxembourg',0000000001,0000000006),(2012,'Iceland','Montenegro',0000000005,0000000012),(2012,'Iceland','Austria',0000000006,0000000010),(2012,'Iceland','Belarus',0000000012,0000000002),(2012,'Iceland','Australia',0000000003,0000000008),(2012,'Montenegro','Austria',0000000003,0000000008),(2012,'Montenegro','Norway',0000000001,0000000005),(2012,'Montenegro','Greece',0000000004,0000000006),(2012,'Montenegro','Iceland',0000000005,0000000010),(2012,'Montenegro','Turkey',0000000007,0000000001),(2012,'Montenegro','Moldova',0000000006,0000000002),(2012,'Montenegro','Andorra',0000000008,0000000004),(2012,'Montenegro','Ukraine',0000000010,0000000003),(2012,'Montenegro','Luxembourg',0000000002,0000000007),(2012,'Montenegro','Serbia',0000000012,0000000012),(2012,'Turkey','Iceland',0000000004,0000000007),(2012,'Turkey','Finland',0000000012,0000000012),(2012,'Turkey','Austria',0000000001,0000000010),(2012,'Turkey','Latvia',0000000006,0000000001),(2012,'Turkey','Slovakia',0000000003,0000000004),(2012,'Turkey','Azerbaijan',0000000010,0000000008),(2012,'Turkey','Malta',0000000002,0000000005),(2012,'Turkey','Luxembourg',0000000007,0000000003),(2012,'Turkey','Montenegro',0000000005,0000000006),(2012,'Turkey','Moldova',0000000008,0000000002),(2012,'Australia','Russia',0000000004,0000000007),(2012,'Australia','Andorra',0000000003,0000000005),(2012,'Australia','Slovakia',0000000001,0000000008),(2012,'Australia','Georgia',0000000006,0000000004),(2012,'Australia','Austria',0000000012,0000000006),(2012,'Australia','Montenegro',0000000007,0000000010),(2012,'Australia','Sweden',0000000002,0000000003),(2012,'Australia','Finland',0000000005,0000000012),(2012,'Australia','Ukraine',0000000010,0000000001),(2012,'Australia','Denmark',0000000008,0000000002),(2012,'Finland','Sweden',0000000007,0000000012),(2012,'Finland','Turkey',0000000001,0000000005),(2012,'Finland','Slovakia',0000000006,0000000008),(2012,'Finland','Australia',0000000005,0000000001),(2012,'Finland','Malta',0000000002,0000000007),(2012,'Finland','Ukraine',0000000008,0000000002),(2012,'Finland','Austria',0000000010,0000000006),(2012,'Finland','Norway',0000000004,0000000003),(2012,'Finland','Belarus',0000000012,0000000010),(2012,'Finland','Montenegro',0000000003,0000000004),(2012,'Moldova','Ukraine',0000000007,0000000010),(2012,'Moldova','Luxembourg',0000000006,0000000012),(2012,'Moldova','Slovakia',0000000010,0000000001),(2012,'Moldova','Greece',0000000001,0000000007),(2012,'Moldova','Russia',0000000005,0000000008),(2012,'Moldova','Serbia',0000000002,0000000002),(2012,'Moldova','Sweden',0000000003,0000000006),(2012,'Moldova','Malta',0000000012,0000000005),(2012,'Moldova','Azerbaijan',0000000008,0000000003),(2012,'Moldova','Latvia',0000000004,0000000004),(2012,'Azerbaijan','Latvia',0000000012,0000000001),(2012,'Azerbaijan','Serbia',0000000010,0000000010),(2012,'Azerbaijan','Moldova',0000000002,0000000007),(2012,'Azerbaijan','Belarus',0000000005,0000000008),(2012,'Azerbaijan','Denmark',0000000008,0000000012),(2012,'Azerbaijan','Malta',0000000004,0000000003),(2012,'Azerbaijan','Estonia',0000000001,0000000006),(2012,'Azerbaijan','Luxembourg',0000000007,0000000004),(2012,'Azerbaijan','Bulgaria',0000000003,0000000005),(2012,'Azerbaijan','Russia',0000000006,0000000002),(2012,'Luxembourg','Iceland',0000000008,0000000008),(2012,'Luxembourg','Austria',0000000005,0000000006),(2012,'Luxembourg','Andorra',0000000010,0000000012),(2012,'Luxembourg','Slovakia',0000000007,0000000004),(2012,'Luxembourg','Australia',0000000004,0000000001),(2012,'Luxembourg','Finland',0000000003,0000000003),(2012,'Luxembourg','Ukraine',0000000012,0000000010),(2012,'Luxembourg','Croatia',0000000002,0000000002),(2012,'Luxembourg','Denmark',0000000006,0000000007),(2012,'Luxembourg','Montenegro',0000000001,0000000005);
/*!40000 ALTER TABLE `country_votes` ENABLE KEYS */;
UNLOCK TABLES;

--
-- Table structure for table `juror`
--

DROP TABLE IF EXISTS `juror`;
/*!40101 SET @saved_cs_client     = @@character_set_client */;
/*!50503 SET character_set_client = utf8mb4 */;
CREATE TABLE `juror` (
  `juror_id` int NOT NULL AUTO_INCREMENT,
  `juror_name` varchar(45) DEFAULT NULL,
  `gender` enum('Male','Female','NonBinary') DEFAULT NULL,
  `date_of_birth` date DEFAULT NULL,
  `country_name` varchar(45) NOT NULL,
  PRIMARY KEY (`juror_id`),
  KEY `fk_Juror_Country1_idx` (`country_name`),
  CONSTRAINT `fk_Juror_Country1` FOREIGN KEY (`country_name`) REFERENCES `country` (`country_name`)
) ENGINE=InnoDB AUTO_INCREMENT=751 DEFAULT CHARSET=utf8mb3;
/*!40101 SET character_set_client = @saved_cs_client */;

--
-- Dumping data for table `juror`
--

LOCK TABLES `juror` WRITE;
/*!40000 ALTER TABLE `juror` DISABLE KEYS */;
INSERT INTO `juror` VALUES (1,'Augustus Gree','Male','1968-04-09','Albania'),(2,'Adelyn Hayde','Male','1978-02-08','Albania'),(3,'Wendy Kelle','Female','1978-06-08','Albania'),(4,'Chana Robinso','Female','1970-11-07','Albania'),(5,'Kassidy Spence','Female','1977-11-28','Albania'),(6,'Renee Mclaughli','Female','1970-08-18','Albania'),(7,'Damion Frankli','Female','1984-12-15','Albania'),(8,'Deborah Peter','Male','1969-11-02','Albania'),(9,'Angeline Grave','Male','1968-07-24','Albania'),(10,'Kelly Forbe','Female','1969-09-05','Albania'),(11,'Lilliana Williamso','Female','1984-09-05','Albania'),(12,'Zaid Wheele','Female','1976-03-28','Albania'),(13,'Natalee Car','Female','1985-07-09','Albania'),(14,'Matias Kir','Female','1977-05-06','Albania'),(15,'Cash Hamilto','Male','1978-04-14','Albania'),(16,'Alonso Stron','Female','1966-01-07','Andorra'),(17,'Davin Cardena','Female','1975-10-19','Andorra'),(18,'Shamar Acost','Female','1973-12-07','Andorra'),(19,'Sawyer Atkin','Female','1983-08-23','Andorra'),(20,'Kathryn Velasque','Female','1968-01-04','Andorra'),(21,'Elise Christense','Female','1983-05-03','Andorra'),(22,'Makai Watkin','Male','1978-07-22','Andorra'),(23,'Michael Roger','Male','1965-04-26','Andorra'),(24,'Allison Blackbur','Male','1981-10-21','Andorra'),(25,'Nathalia Beltra','Female','1982-01-21','Andorra'),(26,'Jaquan Sherma','Male','1968-03-09','Andorra'),(27,'Jaylynn Daughert','Male','1976-01-17','Andorra'),(28,'Holly Fros','Male','1976-12-26','Andorra'),(29,'Mckayla Vasque','Female','1984-07-28','Andorra'),(30,'Adison Prat','Female','1969-05-23','Andorra'),(31,'Nadia Grime','Male','1969-10-27','Armenia'),(32,'Richard Alvare','Male','1968-07-20','Armenia'),(33,'Luka Osborn','Male','1976-10-08','Armenia'),(34,'Marquise Brenna','Female','1978-03-22','Armenia'),(35,'Gavyn Horn','Female','1974-07-05','Armenia'),(36,'Jonas Blak','Female','1979-08-13','Armenia'),(37,'Kaylynn Chandle','Male','1982-09-08','Armenia'),(38,'Lilliana Williamso','Female','1966-11-13','Armenia'),(39,'Scarlet Doughert','Male','1983-01-10','Armenia'),(40,'Sawyer Atkin','Female','1968-06-15','Armenia'),(41,'Denise Morto','Female','1968-07-09','Armenia'),(42,'Kailee Nobl','Male','1967-11-12','Armenia'),(43,'Dominique Yode','Male','1984-06-23','Armenia'),(44,'Ethen Bas','Male','1981-03-01','Armenia'),(45,'Chandler Ewin','Male','1969-08-10','Armenia'),(46,'Sullivan Bank','Male','1981-05-20','Australia'),(47,'Lillian Riddl','Male','1965-07-27','Australia'),(48,'Hudson Schmid','Female','1974-07-26','Australia'),(49,'Haylee Abbot','Female','1984-02-09','Australia'),(50,'Breanna Molin','Female','1967-10-26','Australia'),(51,'Lorenzo Shaffe','Male','1982-10-01','Australia'),(52,'Aidyn Villarrea','Female','1973-11-20','Australia'),(53,'Sonny Hard','Male','1975-06-04','Australia'),(54,'Atticus Huert','Female','1981-09-27','Australia'),(55,'Diamond Or','Female','1973-12-14','Australia'),(56,'Osvaldo Kha','Male','1969-09-26','Australia'),(57,'Rhys Andrad','Male','1974-05-26','Australia'),(58,'Lennon Fole','Female','1981-07-10','Australia'),(59,'Justine Spear','Female','1974-01-23','Australia'),(60,'Hailey Orteg','Female','1972-09-01','Australia'),(61,'Ayden Bulloc','Male','1979-05-21','Austria'),(62,'Tyshawn Keit','Female','1966-06-04','Austria'),(63,'Zane Fletche','Female','1975-05-08','Austria'),(64,'Nico Frit','Female','1967-01-09','Austria'),(65,'Teagan Barr','Female','1968-04-04','Austria'),(66,'Raina Jone','Female','1965-06-11','Austria'),(67,'Sophie Maddo','Male','1979-05-09','Austria'),(68,'Diamond Or','Female','1981-01-20','Austria'),(69,'Mc Lovin','NonBinary','1982-07-11','Austria'),(70,'Harper Richmon','Female','1980-09-01','Austria'),(71,'Diego Brow','Female','1974-02-26','Austria'),(72,'Clare Cumming','Male','1972-10-07','Austria'),(73,'Zoe Carrill','Female','1970-03-17','Austria'),(74,'Marques Thoma','Female','1976-12-07','Austria'),(75,'Anabelle Woodar','Male','1976-05-05','Austria'),(76,'Keyla Rasmusse','Male','1968-06-03','Azerbaijan'),(77,'Sophie Maddo','Female','1967-01-26','Azerbaijan'),(78,'Teagan Barr','Male','1975-12-27','Azerbaijan'),(79,'Jaxon Knigh','Female','1967-07-07','Azerbaijan'),(80,'Giada Ston','Male','1968-08-07','Azerbaijan'),(81,'Logan Cardena','Male','1968-09-09','Azerbaijan'),(82,'Gustavo Ayer','Male','1970-06-18','Azerbaijan'),(83,'Devyn Malon','Female','1976-03-24','Azerbaijan'),(84,'Micah Hil','Male','1971-11-23','Azerbaijan'),(85,'Greta Zunig','Female','1974-08-16','Azerbaijan'),(86,'Londyn Row','Male','1966-09-06','Azerbaijan'),(87,'Bryson Castill','Female','1975-08-19','Azerbaijan'),(88,'Sandra Buckle','Male','1973-08-18','Azerbaijan'),(89,'Kassandra Arche','Male','1969-06-09','Azerbaijan'),(91,'Malik Care','Female','1984-11-02','Belarus'),(92,'Lilliana Williamso','Female','1975-08-18','Belarus'),(93,'Billy Nicholso','Male','1978-05-19','Belarus'),(94,'Monserrat Richar','Male','1973-09-01','Belarus'),(95,'Lorenzo Shaffe','Female','1970-03-28','Belarus'),(96,'Elias Brau','Male','1974-02-04','Belarus'),(97,'Taryn Wyat','Female','1985-07-03','Belarus'),(98,'Israel Davi','Male','1968-05-14','Belarus'),(99,'Jazmine Jefferso','Male','1978-04-15','Belarus'),(100,'Toby Haye','Male','1977-06-16','Belarus'),(101,'Spencer Huert','Female','1982-10-22','Belarus'),(102,'Troy Arnol','Male','1981-11-15','Belarus'),(103,'Sidney Cha','Female','1974-08-16','Belarus'),(104,'Lennon Fole','Male','1971-11-12','Belarus'),(105,'Marques Thoma','Male','1972-07-07','Belarus'),(106,'Dylan Mulle','Male','1966-03-12','Belgium'),(107,'Macy Pen','Male','1976-11-17','Belgium'),(108,'Destinee Smit','Female','1973-06-24','Belgium'),(109,'Caiden Heat','Male','1976-07-16','Belgium'),(110,'Brice Dawso','Male','1979-04-23','Belgium'),(111,'Sonia Princ','Male','1966-07-03','Belgium'),(112,'Isabela Sha','Male','1978-10-20','Belgium'),(113,'Giana Won','Male','1967-11-02','Belgium'),(114,'Charlotte Dougla','Male','1968-07-17','Belgium'),(115,'Isai Meji','Male','1978-11-03','Belgium'),(116,'Maximo Fry','Female','1984-05-09','Belgium'),(117,'Alondra Mathew','Female','1966-11-27','Belgium'),(118,'Paityn Leo','Female','1982-06-11','Belgium'),(119,'Dominique Osbor','Female','1984-05-04','Belgium'),(120,'Braelyn Colo','Female','1985-11-19','Belgium'),(121,'Gretchen Denni','Male','1976-06-10','Bosnia and Herzegovina'),(122,'Diego Fre','Female','1982-07-20','Bosnia and Herzegovina'),(123,'Micaela Hick','Male','1969-01-12','Bosnia and Herzegovina'),(124,'Vanessa Boyl','Female','1982-01-08','Bosnia and Herzegovina'),(125,'Daphne Clayto','Female','1976-12-24','Bosnia and Herzegovina'),(126,'Ally Rui','Male','1971-11-08','Bosnia and Herzegovina'),(127,'Esther Kir','Female','1984-04-09','Bosnia and Herzegovina'),(128,'Amari Gree','Male','1985-11-27','Bosnia and Herzegovina'),(129,'Tucker Garci','Male','1968-02-04','Bosnia and Herzegovina'),(130,'Stacy Ibarr','Female','1966-03-14','Bosnia and Herzegovina'),(131,'Caleb Josep','Male','1980-05-07','Bosnia and Herzegovina'),(132,'Clare Cumming','Female','1971-10-10','Bosnia and Herzegovina'),(133,'Kasey Simo','Female','1977-04-24','Bosnia and Herzegovina'),(134,'Nadia Grime','Male','1975-04-06','Bosnia and Herzegovina'),(135,'Troy Arnol','Male','1969-05-13','Bosnia and Herzegovina'),(136,'Korbin Mccormic','Male','1971-12-07','Bulgaria'),(137,'Jakobe Larse','Female','1970-08-17','Bulgaria'),(138,'Stylianos Tsoumanis','Female','1967-08-06','Bulgaria'),(139,'Trevin Caldero','Male','1979-06-27','Bulgaria'),(140,'Jan Hodg','Female','1966-02-05','Bulgaria'),(141,'Michelle Stewar','Male','1975-05-01','Bulgaria'),(142,'Colton Travi','Male','1975-05-08','Bulgaria'),(143,'Cash Hamilto','Female','1966-11-08','Bulgaria'),(144,'Chandler Ewin','Female','1982-04-06','Bulgaria'),(145,'Dustin Walle','Female','1974-08-22','Bulgaria'),(146,'Nadia Grime','Female','1983-06-05','Bulgaria'),(147,'Grace Pitt','Male','1979-04-08','Bulgaria'),(148,'Valeria Eato','Male','1972-11-07','Bulgaria'),(149,'Malik Dea','Male','1969-12-22','Bulgaria'),(150,'Augustus Gree','Male','1981-03-19','Bulgaria'),(151,'Darryl Davil','Female','1967-10-20','Croatia'),(152,'Aaron Huffma','Male','1978-11-20','Croatia'),(153,'Tucker Garci','Male','1979-01-13','Croatia'),(154,'Shyla Butle','Female','1972-06-22','Croatia'),(155,'Santino Camach','Male','1970-10-22','Croatia'),(156,'Margaret Brook','Male','1983-03-14','Croatia'),(157,'Zayden Pen','Female','1973-11-14','Croatia'),(158,'Cheyenne River','Female','1971-05-02','Croatia'),(159,'Anabella Lun','Female','1983-02-28','Croatia'),(160,'Natalia Green','Female','1966-09-24','Croatia'),(161,'Tessa Al','Female','1979-09-09','Croatia'),(162,'Khalil Phillip','Female','1975-02-12','Croatia'),(163,'Shannon Kenned','Male','1974-10-09','Croatia'),(164,'Kyra Hane','Female','1966-06-19','Croatia'),(165,'Irene Davi','Female','1966-08-10','Croatia'),(166,'Brielle Ros','Female','1968-12-18','Cyprus'),(167,'Rhys Andrad','Female','1971-10-08','Cyprus'),(168,'Regina Shar','Male','1975-10-13','Cyprus'),(169,'Lorenzo Hayde','Male','1974-11-24','Cyprus'),(170,'India Soli','Female','1981-09-28','Cyprus'),(171,'Madelyn Carrol','Female','1973-04-07','Cyprus'),(172,'Nathalia Beltra','Female','1978-02-06','Cyprus'),(173,'Layne Byr','Female','1981-01-28','Cyprus'),(174,'Kaliyah Rasmusse','Male','1969-08-28','Cyprus'),(175,'Brynn Vaugha','Male','1976-08-13','Cyprus'),(176,'Laney Walke','Female','1979-04-21','Cyprus'),(177,'Adalynn Ra','Male','1968-10-24','Cyprus'),(178,'Bryson Castill','Male','1970-12-14','Cyprus'),(179,'Brendon Taylo','Male','1982-05-19','Cyprus'),(180,'James Zunig','Male','1984-07-28','Cyprus'),(181,'Charlotte Dougla','Male','1966-10-11','Czech Republic'),(182,'Kai Camero','Female','1968-02-07','Czech Republic'),(183,'Miley Hayde','Male','1982-04-25','Czech Republic'),(184,'Tyler Kha','Female','1981-01-27','Czech Republic'),(185,'Maximo Fry','Male','1967-08-06','Czech Republic'),(186,'Trent Yan','Female','1983-03-13','Czech Republic'),(187,'Taryn Caldero','Male','1967-01-08','Czech Republic'),(188,'Austin Hendrick','Male','1969-05-23','Czech Republic'),(189,'Brenden Morga','Female','1985-02-20','Czech Republic'),(190,'Bo Atkinso','Female','1980-02-08','Czech Republic'),(191,'Edwin Singleto','Female','1972-09-11','Czech Republic'),(192,'Vivian Gillespi','Female','1985-12-04','Czech Republic'),(193,'Saniya Pate','Female','1966-03-10','Czech Republic'),(194,'Nicolas Wilkin','Female','1976-08-10','Czech Republic'),(195,'Ryan Fulle','Female','1975-04-04','Czech Republic'),(196,'Andrew Montoy','Female','1971-05-03','Denmark'),(197,'Abram Tod','Female','1970-06-12','Denmark'),(198,'Valeria Harriso','Female','1981-01-22','Denmark'),(199,'Eliezer Churc','Female','1982-06-18','Denmark'),(200,'Hudson Schmid','Male','1967-12-06','Denmark'),(201,'Charlie Juare','Female','1976-12-24','Denmark'),(202,'Jazmine Jefferso','Female','1969-06-06','Denmark'),(203,'Rylee Henderso','Male','1985-07-17','Denmark'),(204,'Victoria Goodwi','Male','1970-12-18','Denmark'),(205,'Denise Morto','Male','1977-06-02','Denmark'),(206,'Madelyn Powel','Male','1981-02-02','Denmark'),(207,'George Pattas','Male','1972-12-26','Denmark'),(208,'Abbey Haye','Male','1977-09-11','Denmark'),(209,'Dylan Wagne','Female','1982-03-16','Denmark'),(210,'Zander Holde','Female','1976-06-20','Denmark'),(211,'Zayne Jacob','Male','1984-11-20','Estonia'),(212,'Damion Frankli','Male','1981-08-27','Estonia'),(213,'Valeria Mullin','Female','1978-08-01','Estonia'),(214,'Julie Flower','Male','1972-12-16','Estonia'),(215,'Nathalia Beltra','Female','1982-04-13','Estonia'),(216,'Aydan Osbor','Female','1972-12-19','Estonia'),(217,'Stella Lync','Female','1974-02-15','Estonia'),(218,'Diego Brow','Male','1969-12-23','Estonia'),(219,'Esther Kir','Female','1967-03-09','Estonia'),(220,'Luke Thoma','Female','1969-05-25','Estonia'),(221,'Victoria Goodwi','Male','1980-07-17','Estonia'),(222,'Kassandra She','Male','1980-04-09','Estonia'),(223,'Jaylynn Edward','Female','1982-03-08','Estonia'),(224,'Amiah Andrad','Female','1969-12-08','Estonia'),(225,'Jairo Maynar','Male','1970-08-09','Estonia'),(226,'Londyn Row','Female','1978-11-01','Finland'),(227,'Troy Maxwel','Female','1974-02-20','Finland'),(228,'Grace Pitt','Female','1982-07-02','Finland'),(229,'Scarlett Roac','Female','1967-12-06','Finland'),(230,'Ricky Mile','Male','1976-02-06','Finland'),(231,'Victoria Goodwi','Male','1970-09-11','Finland'),(232,'Gustavo Ayer','Female','1975-03-20','Finland'),(233,'Trey Stanto','Male','1975-07-22','Finland'),(234,'Sidney Cha','Female','1969-06-15','Finland'),(235,'Caleb Josep','Male','1980-01-20','Finland'),(236,'India Hoffma','Female','1980-01-24','Finland'),(237,'Luka Star','Male','1975-09-04','Finland'),(238,'Taryn Caldero','Male','1980-03-27','Finland'),(239,'Katelynn Cardena','Female','1967-03-28','Finland'),(240,'Yael Clayto','Male','1967-07-26','Finland'),(241,'Cassandra Este','Male','1974-06-13','France'),(242,'Jaxon Knigh','Female','1982-04-01','France'),(243,'Janae Flyn','Female','1977-09-13','France'),(244,'Lola Lam','Female','1972-07-11','France'),(245,'Bailey Clar','Male','1971-03-26','France'),(246,'Alvin Beasle','Female','1969-09-22','France'),(247,'Amaya Shelto','Female','1977-08-11','France'),(248,'Giovani Gran','Male','1968-05-25','France'),(249,'Caleb Josep','Female','1969-03-09','France'),(250,'Clare Cumming','Female','1971-12-24','France'),(251,'Gabriela Littl','Male','1975-09-11','France'),(252,'Cesar Sim','Male','1984-05-21','France'),(253,'Ari Seller','Male','1979-07-19','France'),(254,'Darnell Lut','Male','1983-08-22','France'),(255,'Omari Goul','Female','1969-10-13','France'),(256,'Moises Hardin','Female','1983-12-12','Georgia'),(257,'Rylee Esparz','Male','1969-12-14','Georgia'),(258,'Jax Alvare','Male','1980-02-22','Georgia'),(259,'Isai Daughert','Male','1970-04-12','Georgia'),(260,'Aniya Griffit','Female','1979-01-01','Georgia'),(261,'Bo Atkinso','Male','1971-11-25','Georgia'),(262,'Adalynn Ra','Male','1978-08-23','Georgia'),(263,'Janae Flyn','Female','1975-11-07','Georgia'),(264,'Dylan Wol','Female','1969-10-24','Georgia'),(265,'Marquise Velazque','Male','1974-12-14','Georgia'),(266,'Ayla Leonar','Female','1975-05-26','Georgia'),(267,'Ally Rui','Male','1969-01-05','Georgia'),(268,'Breanna Pac','Female','1977-09-07','Georgia'),(269,'Jon Mood','Male','1966-09-13','Georgia'),(270,'Chana Robinso','Female','1979-02-10','Georgia'),(271,'Liliana Cabrer','Female','1968-06-05','Germany'),(272,'Lilly Blackwel','Female','1972-04-16','Germany'),(273,'Angel Brand','Male','1978-06-08','Germany'),(274,'Victoria Goodwi','Male','1967-10-24','Germany'),(275,'Teagan Barr','Male','1976-08-26','Germany'),(276,'Irene Fry','Female','1968-11-18','Germany'),(277,'Yadiel Elli','Female','1965-03-01','Germany'),(278,'Gabriela Graha','Female','1984-06-26','Germany'),(279,'Holly Fros','Male','1975-02-02','Germany'),(280,'Dwayne Montgomer','Male','1966-12-15','Germany'),(281,'Gavyn Horn','Female','1980-11-09','Germany'),(282,'Giovanni Blackwel','Female','1972-08-04','Germany'),(283,'Shannon Kenned','Female','1975-02-24','Germany'),(284,'Aydin Ga','Female','1976-11-11','Germany'),(285,'Austin Franci','Male','1973-09-21','Germany'),(286,'Anabella She','Male','1968-02-09','Greece'),(287,'Brooke Hinto','Male','1970-01-16','Greece'),(288,'Randy Wyat','Female','1972-11-26','Greece'),(289,'Felipe Romer','Male','1974-01-22','Greece'),(290,'Davon Bennet','Male','1976-10-25','Greece'),(291,'Victoria Monte','Male','1971-03-07','Greece'),(292,'Karli Bradsha','Female','1979-01-03','Greece'),(293,'Caleb Josep','Male','1973-06-04','Greece'),(294,'Laura Fitzpatric','Female','1970-05-21','Greece'),(295,'Kenzie Pau','Female','1980-07-13','Greece'),(296,'Isai Daughert','Female','1982-08-05','Greece'),(297,'Aldo Tucke','Male','1972-10-24','Greece'),(298,'Diamond How','Female','1984-09-11','Greece'),(299,'Marquise Velazque','Male','1975-07-17','Greece'),(300,'Miley Hayde','Female','1983-02-16','Greece'),(301,'Hazel Bal','Female','1984-12-07','Hungary'),(302,'Julie Flower','Female','1982-09-17','Hungary'),(303,'Casey Randal','Female','1978-09-04','Hungary'),(304,'Andrew Montoy','Female','1980-10-21','Hungary'),(305,'Melanie Hampto','Female','1974-05-05','Hungary'),(306,'Davis Spear','Female','1966-09-13','Hungary'),(307,'Jovan Hammon','Female','1976-12-17','Hungary'),(308,'Kaydence Huan','Female','1971-12-15','Hungary'),(309,'Odin Pott','Female','1974-04-25','Hungary'),(310,'Hanna Wrigh','Female','1983-06-10','Hungary'),(311,'Vanessa Boyl','Male','1971-09-12','Hungary'),(312,'Jensen Suare','Female','1975-12-05','Hungary'),(313,'Averie Gree','Male','1969-06-08','Hungary'),(314,'Braydon Gile','Female','1968-06-10','Hungary'),(315,'Justine Spear','Male','1984-09-23','Hungary'),(316,'Dwayne Montgomer','Female','1979-05-24','Iceland'),(317,'Pamela Silv','Male','1983-10-03','Iceland'),(318,'Journey Gilmor','Female','1968-10-01','Iceland'),(319,'Rosemary Moo','Male','1979-12-20','Iceland'),(320,'Ariel Mora','Male','1969-12-03','Iceland'),(321,'Ali She','Female','1973-07-04','Iceland'),(322,'Madelyn Powel','Female','1979-11-09','Iceland'),(323,'Mckayla Vasque','Female','1969-10-17','Iceland'),(324,'Hayden Man','Female','1973-04-26','Iceland'),(325,'Kristopher Thompso','Male','1965-03-23','Iceland'),(326,'Nigel Stephen','Male','1975-02-27','Iceland'),(327,'Bryson Castill','Female','1983-10-07','Iceland'),(328,'Sophie Hernande','Female','1967-03-11','Iceland'),(329,'Semaj Cai','Female','1981-07-22','Iceland'),(330,'Kadence Gardne','Female','1972-12-07','Iceland'),(331,'Allan Hal','Male','1978-09-07','Ireland'),(332,'Terrance Wilkinso','Male','1975-06-21','Ireland'),(333,'Hazel Zimmerma','Male','1978-11-05','Ireland'),(334,'Greg Kokkonis','Male','1967-10-07','Ireland'),(335,'Hudson Schmid','Female','1969-06-12','Ireland'),(336,'Alejandro Becke','Male','1971-03-11','Ireland'),(337,'Harper Richmon','Female','1966-09-28','Ireland'),(338,'Karla Gilber','Female','1981-04-26','Ireland'),(339,'Diego Brow','Male','1971-04-02','Ireland'),(340,'Quinn Sala','Male','1972-12-27','Ireland'),(341,'Makenzie Murill','Male','1975-05-19','Ireland'),(342,'Shyla Butle','Female','1971-10-16','Ireland'),(343,'Shamar Acost','Male','1985-09-20','Ireland'),(344,'Angel Spyrakis','Female','1973-08-16','Ireland'),(345,'Kael Barbe','Female','1974-03-23','Ireland'),(346,'Lorenzo Hayde','Female','1982-11-15','Israel'),(347,'Leanna Doughert','Male','1969-03-14','Israel'),(348,'Laney Walke','Male','1969-05-16','Israel'),(349,'Esteban Chane','Female','1983-11-23','Israel'),(350,'India Bridge','Female','1981-03-17','Israel'),(351,'Breanna Pac','Female','1969-02-15','Israel'),(352,'Stevi Emmanouilidou','Female','1981-08-02','Israel'),(353,'Colin Garriso','Female','1977-11-28','Israel'),(354,'Joaquin Roble','Male','1973-02-07','Israel'),(355,'Valeria Mullin','Female','1975-03-18','Israel'),(356,'Ariella Charle','Female','1969-04-19','Israel'),(357,'Bryson Castill','Female','1970-07-14','Israel'),(358,'Justin Bartlet','Male','1972-12-11','Israel'),(359,'Pamela Silv','Female','1981-10-21','Israel'),(360,'Amina Flower','Female','1974-11-06','Israel'),(361,'Toby Haye','Female','1984-03-20','Italy'),(362,'Dominick Frenc','Male','1967-12-21','Italy'),(363,'Taryn Caldero','Female','1983-02-22','Italy'),(364,'Brian She','Male','1976-03-04','Italy'),(365,'Ariel Nola','Female','1982-09-24','Italy'),(366,'Ismael Scot','Male','1974-03-25','Italy'),(367,'Adison Prat','Female','1977-10-01','Italy'),(368,'Brandon Mcfarlan','Male','1978-08-09','Italy'),(369,'Emmy Mullin','Male','1970-03-11','Italy'),(370,'Tessa Al','Male','1971-04-13','Italy'),(371,'Kadence Gardne','Female','1978-01-14','Italy'),(372,'Rory Blac','Female','1982-06-12','Italy'),(373,'Jewel Larso','Male','1982-11-16','Italy'),(374,'Mekhi Hul','Male','1968-08-13','Italy'),(375,'Dylan Newto','Male','1969-04-24','Italy'),(376,'Matias Freema','Female','1980-04-26','Latvia'),(377,'Malik Dea','Male','1983-01-27','Latvia'),(378,'Nick Orteg','Female','1976-01-02','Latvia'),(379,'Greta Zunig','Female','1967-04-25','Latvia'),(380,'Luka Osborn','Male','1974-05-21','Latvia'),(381,'Jakob Morro','Male','1976-12-20','Latvia'),(382,'Jaydin Valenzuel','Female','1973-07-13','Latvia'),(383,'Breanna Molin','Male','1983-06-16','Latvia'),(384,'James Zunig','Male','1978-08-10','Latvia'),(385,'Semaj Gentr','Female','1983-09-26','Latvia'),(386,'Hanna Wrigh','Female','1970-08-23','Latvia'),(387,'Rosemary Moo','Male','1978-06-27','Latvia'),(388,'Gabriela Littl','Male','1973-12-20','Latvia'),(389,'Nikolai Robert','Male','1982-07-07','Latvia'),(390,'Hana Mac','Male','1975-12-17','Latvia'),(391,'Kenna Bas','Male','1971-06-09','Lithuania'),(392,'Karli Bradsha','Male','1969-01-02','Lithuania'),(393,'Braxton Mille','Male','1967-05-06','Lithuania'),(394,'Shamar Acost','Male','1981-05-15','Lithuania'),(395,'Amari Gree','Male','1973-05-27','Lithuania'),(396,'Libby Stephenso','Male','1975-09-06','Lithuania'),(397,'Elaine Flore','Female','1968-09-22','Lithuania'),(398,'Luka Osborn','Female','1977-01-09','Lithuania'),(399,'Carla Mill','Male','1982-06-04','Lithuania'),(400,'Salvador Dalto','Male','1973-07-18','Lithuania'),(401,'Ty Gree','Female','1979-05-06','Lithuania'),(402,'Leia Cant','Male','1984-08-11','Lithuania'),(403,'Valeria Eato','Female','1965-09-05','Lithuania'),(404,'Irene Fry','Male','1971-11-01','Lithuania'),(405,'Nayeli Rosale','Male','1979-10-24','Lithuania'),(406,'Nikos Andriotis','Female','1973-04-21','Luxembourg'),(407,'Bridger Sno','Female','1977-12-07','Luxembourg'),(408,'Kian Hendri','Female','1975-12-23','Luxembourg'),(409,'Jewel Larso','Male','1982-03-19','Luxembourg'),(410,'Jakob Morro','Male','1970-12-01','Luxembourg'),(411,'Kolton Soli','Male','1976-02-17','Luxembourg'),(412,'Ruben Burk','Female','1984-08-12','Luxembourg'),(413,'Katelynn Sing','Male','1965-03-24','Luxembourg'),(414,'Taryn Caldero','Female','1979-12-04','Luxembourg'),(415,'Davon Bennet','Male','1974-12-23','Luxembourg'),(416,'Dylan Mulle','Male','1980-06-17','Luxembourg'),(417,'Armani Mitchel','Male','1968-11-07','Luxembourg'),(418,'Gabriela Littl','Male','1967-07-15','Luxembourg'),(419,'Logan Cardena','Male','1972-03-14','Luxembourg'),(420,'Mary Jane','NonBinary','1977-05-21','Luxembourg'),(421,'Kyra Hane','Female','1967-11-24','Malta'),(422,'Alvin Bear','Female','1969-12-14','Malta'),(423,'Nikolai Robert','Male','1980-03-25','Malta'),(424,'Nikhil Gonzale','Female','1981-09-07','Malta'),(425,'Ari Seller','Female','1966-06-25','Malta'),(426,'Katherine Finle','Male','1974-04-15','Malta'),(427,'Tristian Mor','Male','1969-05-23','Malta'),(428,'Eduardo Delgad','Male','1978-12-05','Malta'),(429,'Madelyn Carrol','Female','1966-03-05','Malta'),(430,'Drew Thoma','Male','1977-09-15','Malta'),(431,'Armani Mitchel','Male','1972-01-07','Malta'),(432,'Jenna Beltra','Male','1971-02-08','Malta'),(433,'Kathryn Velasque','Female','1980-05-08','Malta'),(434,'Gabriela Fowle','Female','1975-08-15','Malta'),(435,'Kasey Simo','Male','1980-03-01','Malta'),(436,'Anabelle Hodg','Male','1971-09-20','Moldova'),(437,'Valeria Eato','Male','1971-04-14','Moldova'),(438,'Damian Molin','Female','1977-10-09','Moldova'),(439,'Teagan Barr','Male','1980-06-13','Moldova'),(440,'Rey Morro','Female','1982-05-06','Moldova'),(441,'Halle Garne','Male','1968-11-21','Moldova'),(442,'Abram Tod','Male','1966-11-20','Moldova'),(443,'Quinn Sala','Female','1982-12-08','Moldova'),(444,'Pablo Hube','Female','1965-01-15','Moldova'),(445,'Edward Pierc','Male','1966-03-09','Moldova'),(446,'Javier Brand','Female','1982-02-08','Moldova'),(447,'Jazmine Spence','Male','1967-04-25','Moldova'),(448,'Augustus Gree','Male','1981-10-23','Moldova'),(449,'Jovan Shield','Female','1968-01-23','Moldova'),(450,'Jadyn Quin','Male','1982-02-26','Moldova'),(451,'Teagan Barr','Female','1973-12-11','Monaco'),(452,'Harper Richmon','Female','1972-11-23','Monaco'),(453,'Victoria Monte','Female','1977-12-04','Monaco'),(454,'Todd Marque','Female','1974-04-26','Monaco'),(455,'Tristian Underwoo','Male','1977-10-14','Monaco'),(456,'Jairo Mose','Male','1979-11-08','Monaco'),(457,'Raiden Fletche','Male','1983-08-26','Monaco'),(458,'Moshe Murra','Female','1970-12-04','Monaco'),(459,'Enzo Meye','Male','1965-01-07','Monaco'),(460,'Kayley Woodwar','Female','1979-01-19','Monaco'),(461,'Edward Pierc','Male','1983-09-25','Monaco'),(462,'Garrett Hay','Male','1965-09-15','Monaco'),(463,'Khalil Phillip','Female','1972-12-20','Monaco'),(464,'Matias Freema','Female','1977-11-08','Monaco'),(465,'Aleah Hunte','Female','1985-04-22','Monaco'),(466,'Matias Freema','Male','1969-09-22','Montenegro'),(467,'Makaila Castill','Female','1966-04-22','Montenegro'),(468,'Theresa Arroy','Female','1971-09-21','Montenegro'),(469,'Adalynn Varga','Male','1971-09-24','Montenegro'),(470,'Brett Frederic','Male','1978-09-27','Montenegro'),(471,'Vincent Hick','Female','1983-08-23','Montenegro'),(472,'Kaylynn Chandle','Male','1980-02-22','Montenegro'),(473,'Sonny Hard','Male','1970-09-20','Montenegro'),(474,'Brendon Steel','Female','1966-05-02','Montenegro'),(475,'Giovanni Blackwel','Female','1971-02-03','Montenegro'),(476,'Ariella Charle','Male','1981-03-03','Montenegro'),(477,'Dylan Mulle','Female','1975-12-24','Montenegro'),(478,'Katelynn Cardena','Male','1966-07-07','Montenegro'),(479,'Maxim Copelan','Female','1978-11-04','Montenegro'),(480,'Sullivan Bank','Male','1980-09-09','Montenegro'),(481,'Ralph Richar','Male','1965-06-14','Netherlands'),(482,'Mylee Alle','Male','1965-05-24','Netherlands'),(483,'Jovan Shield','Male','1965-02-14','Netherlands'),(484,'Joaquin Frit','Male','1985-01-27','Netherlands'),(485,'Tate Peterse','Female','1969-04-25','Netherlands'),(486,'Darryl Davil','Female','1974-09-05','Netherlands'),(487,'Judah Hobb','Female','1973-04-02','Netherlands'),(488,'Ethen Meyer','Female','1975-12-23','Netherlands'),(489,'Aleah Hunte','Female','1965-12-22','Netherlands'),(490,'Nash Denni','Male','1966-06-26','Netherlands'),(491,'Gabriela Graha','Female','1983-07-12','Netherlands'),(492,'Renee Mclaughli','Female','1984-10-02','Netherlands'),(493,'Jeramiah Stephenso','Male','1978-10-20','Netherlands'),(494,'Catalina Maxwel','Female','1974-01-09','Netherlands'),(495,'Braxton Mille','Female','1980-05-12','Netherlands'),(496,'Braxton Mille','Male','1967-07-12','North Macedonia'),(497,'Ryleigh Jacobso','Female','1965-02-02','North Macedonia'),(498,'Elvis Thompso','Male','1975-05-16','North Macedonia'),(499,'Micah Hil','Female','1966-10-16','North Macedonia'),(500,'Alani Col','Male','1970-10-28','North Macedonia'),(501,'Shayla Bolto','Male','1975-05-23','North Macedonia'),(502,'Pamela Silv','Female','1970-10-28','North Macedonia'),(503,'Colton Berge','Male','1984-10-04','North Macedonia'),(504,'Janae Flyn','Male','1978-04-10','North Macedonia'),(505,'Santos Glove','Male','1984-03-17','North Macedonia'),(506,'Brendon Taylo','Female','1978-12-13','North Macedonia'),(507,'Jaylynn Edward','Female','1979-11-28','North Macedonia'),(508,'Damion Frankli','Female','1966-12-28','North Macedonia'),(509,'Elijah Chandle','Female','1985-03-25','North Macedonia'),(510,'Amy Hodg','Male','1980-09-09','North Macedonia'),(511,'Drew Thoma','Female','1983-06-14','Norway'),(512,'Audrina Medin','Male','1973-07-26','Norway'),(513,'Amari Gree','Female','1980-04-14','Norway'),(514,'Ismael Scot','Female','1974-12-09','Norway'),(515,'Hugh Richard','Female','1975-06-21','Norway'),(516,'Sage Meji','Female','1980-11-18','Norway'),(517,'Jeramiah Stephenso','Female','1982-08-01','Norway'),(518,'Gavyn Gilber','Female','1980-02-03','Norway'),(519,'Jake Stou','Male','1979-04-16','Norway'),(520,'Wyatt Livingsto','Female','1980-06-25','Norway'),(521,'Shannon Chamber','Female','1984-03-03','Norway'),(522,'Journey Gilmor','Female','1965-03-16','Norway'),(523,'Jarrett Mcknigh','Female','1982-08-22','Norway'),(524,'Laura Fitzpatric','Male','1965-08-19','Norway'),(525,'Kayden La','Male','1981-06-12','Norway'),(526,'Alonzo Fre','Male','1985-04-01','Poland'),(527,'Malaki Pachec','Male','1976-10-18','Poland'),(528,'Tyshawn Keit','Male','1975-10-05','Poland'),(529,'Kyra Hane','Male','1984-11-20','Poland'),(530,'Shayla Bolto','Female','1974-12-16','Poland'),(531,'Colt Moye','Male','1975-10-20','Poland'),(532,'Aydan Osbor','Male','1976-03-03','Poland'),(533,'Anahi Holme','Male','1985-07-07','Poland'),(534,'Adelyn Hayde','Male','1972-07-17','Poland'),(535,'Makenzie Murill','Female','1978-05-15','Poland'),(536,'Eliezer Churc','Female','1972-05-08','Poland'),(537,'Jadyn Stephenso','Female','1974-10-24','Poland'),(538,'Adrian Star','Male','1967-08-14','Poland'),(539,'Margaret Brook','Male','1985-02-23','Poland'),(540,'Zoe Carrill','Male','1966-07-21','Poland'),(541,'Leticia Mathew','Female','1982-10-20','Portugal'),(542,'Kassandra She','Female','1978-09-26','Portugal'),(543,'Audrina Medin','Male','1983-12-23','Portugal'),(544,'Charlie Juare','Female','1981-09-21','Portugal'),(545,'Mia Nguye','Female','1979-05-08','Portugal'),(546,'Korbin Mccormic','Female','1979-06-10','Portugal'),(547,'Uriah Acost','Female','1974-10-21','Portugal'),(548,'Lesly Chave','Female','1972-06-13','Portugal'),(549,'Hayden Man','Female','1978-05-03','Portugal'),(550,'Trey Stanto','Male','1968-08-09','Portugal'),(551,'Monserrat Richar','Male','1983-01-04','Portugal'),(552,'Scarlett Roac','Male','1972-07-01','Portugal'),(553,'Imani Glen','Female','1980-04-02','Portugal'),(554,'Dominique Yode','Female','1976-08-24','Portugal'),(555,'Reilly Huert','Female','1974-12-01','Portugal'),(556,'Nicolas Wilkin','Male','1965-04-01','Romania'),(557,'Julie Flower','Female','1976-05-22','Romania'),(558,'Omari Leo','Male','1967-06-02','Romania'),(559,'Kolton Cochra','Female','1968-10-12','Romania'),(560,'Gordon Ramsey','Male','1978-02-15','Romania'),(561,'Hayden Buchana','Female','1966-11-14','Romania'),(562,'Brandon Mcfarlan','Female','1971-01-18','Romania'),(563,'Jameson Fische','Female','1965-09-06','Romania'),(564,'Coleman Barrer','Male','1976-04-27','Romania'),(565,'Dayanara Baxte','Male','1977-01-25','Romania'),(566,'Shamar Acost','Female','1981-03-21','Romania'),(567,'Isai Meji','Male','1969-10-08','Romania'),(568,'Wayne Leste','Male','1966-03-15','Romania'),(569,'Damion Frankli','Male','1976-02-08','Romania'),(570,'Vincent Hick','Female','1983-02-20','Romania'),(571,'Kayden La','Male','1976-11-09','Russia'),(572,'Haylee Robertso','Female','1982-06-21','Russia'),(573,'Korbin Mccormic','Male','1975-06-08','Russia'),(574,'Elise Christense','Male','1982-09-02','Russia'),(575,'Sophie Hernande','Female','1979-11-20','Russia'),(576,'Jazmine Jefferso','Male','1971-07-03','Russia'),(577,'Makenzie Murill','Female','1978-06-23','Russia'),(578,'Colin Garriso','Male','1976-02-12','Russia'),(579,'Alvin Bear','Male','1972-06-20','Russia'),(580,'Imani Glen','Male','1975-02-20','Russia'),(581,'Stacy Ibarr','Male','1979-10-13','Russia'),(582,'Madelynn Shield','Female','1981-07-25','Russia'),(583,'Zayden Pen','Male','1970-08-26','Russia'),(584,'Trevor Cho','Male','1973-06-06','Russia'),(585,'Haylee Abbot','Male','1973-06-13','Russia'),(586,'Emmy Mullin','Female','1984-06-04','San Marino'),(587,'Laylah Ro','Female','1970-09-18','San Marino'),(588,'Jairo Mose','Female','1977-07-28','San Marino'),(589,'Jovanni Dye','Female','1966-09-07','San Marino'),(590,'Isaias Or','Male','1968-03-26','San Marino'),(591,'Kenji Lopez','Female','1979-05-16','San Marino'),(592,'Meghan Gutierre','Male','1980-04-06','San Marino'),(593,'Tania Copelan','Male','1967-03-05','San Marino'),(594,'Carla Mill','Female','1981-03-19','San Marino'),(595,'Bo Atkinso','Male','1984-01-09','San Marino'),(596,'Hayden Man','Female','1978-03-28','San Marino'),(597,'Kyra Loga','Female','1971-06-23','San Marino'),(598,'Maxim Copelan','Female','1971-06-26','San Marino'),(599,'Evan Bartlet','Male','1976-04-17','San Marino'),(600,'Micaela Hick','Male','1981-06-21','San Marino'),(601,'Jaylynn Daughert','Female','1965-06-09','Serbia'),(602,'Marquise Brenna','Female','1977-01-09','Serbia'),(603,'Jean Gambl','Female','1974-12-19','Serbia'),(604,'Michael Roger','Female','1968-03-03','Serbia'),(605,'Jennifer Princ','Male','1973-02-17','Serbia'),(606,'Derek Trujill','Male','1966-02-19','Serbia'),(607,'Vivian Gillespi','Female','1965-10-03','Serbia'),(608,'Jaquan Sherma','Female','1983-02-02','Serbia'),(609,'Reina Sha','Male','1973-09-24','Serbia'),(610,'Austin Hendrick','Male','1975-12-15','Serbia'),(611,'Atticus Huert','Female','1980-04-14','Serbia'),(612,'Hayden Buchana','Male','1978-09-12','Serbia'),(613,'Bruno Dura','Female','1976-09-05','Serbia'),(614,'Jessie Pool','Female','1975-01-01','Serbia'),(615,'Shaun Zimmerma','Female','1971-06-06','Serbia'),(616,'Raiden Fletche','Female','1982-02-25','Slovakia '),(617,'Bo Denni','Female','1976-05-05','Slovakia '),(618,'Aniya Griffit','Male','1972-06-07','Slovakia '),(619,'Cristopher Nola','Female','1965-02-01','Slovakia '),(620,'Lola Lam','Female','1985-06-04','Slovakia '),(621,'Journey Gilmor','Male','1982-02-06','Slovakia '),(622,'Semaj Cai','Female','1966-08-01','Slovakia '),(623,'Lewis Brindley','Male','1978-12-08','Slovakia '),(624,'Troy Arnol','Male','1977-12-15','Slovakia '),(625,'Anabelle Hodg','Female','1973-04-19','Slovakia '),(626,'Rylee Henderso','Male','1984-09-16','Slovakia '),(627,'Dylan Decke','Female','1976-03-25','Slovakia '),(628,'Leilani Kid','Male','1975-09-19','Slovakia '),(629,'Isabel Baraja','Female','1968-08-08','Slovakia '),(630,'Natalia Green','Male','1966-03-17','Slovakia '),(631,'Damion Frankli','Male','1980-04-24','Slovenia'),(632,'Richard Alvare','Female','1981-03-09','Slovenia'),(633,'Maren Mckenzi','Male','1975-12-16','Slovenia'),(634,'Ryleigh Jacobso','Female','1970-06-27','Slovenia'),(635,'Todd Marque','Male','1981-05-04','Slovenia'),(636,'Caleb Josep','Female','1970-06-02','Slovenia'),(637,'Malaki Pachec','Female','1977-01-11','Slovenia'),(638,'Nataly Hawkin','Male','1977-03-12','Slovenia'),(639,'Cash Hamilto','Male','1980-04-15','Slovenia'),(640,'Chana Robinso','Male','1972-07-11','Slovenia'),(641,'Rene Sha','Female','1970-05-08','Slovenia'),(642,'Kenzie Pau','Female','1975-07-07','Slovenia'),(643,'Janelle Chun','Male','1979-03-07','Slovenia'),(644,'Quinn Sala','Male','1978-10-21','Slovenia'),(645,'Devon Sampso','Male','1980-02-02','Slovenia'),(646,'Xiomara Moye','Male','1985-07-27','Spain'),(647,'Janelle Chun','Female','1980-08-18','Spain'),(648,'Carsen Patterso','Male','1974-01-08','Spain'),(649,'Zoe Carrill','Male','1983-08-07','Spain'),(650,'Katelyn Brad','Male','1984-07-07','Spain'),(651,'Bo Denni','Female','1983-10-06','Spain'),(652,'Reuben Prat','Female','1975-12-24','Spain'),(653,'Khalil Phillip','Female','1968-04-08','Spain'),(654,'Bridger Sno','Female','1979-12-12','Spain'),(655,'Rosemary Moo','Male','1979-10-17','Spain'),(656,'Brett Frederic','Male','1976-07-18','Spain'),(657,'Lorenzo Hayde','Female','1981-10-22','Spain'),(658,'Estrella Mcnei','Female','1974-03-08','Spain'),(659,'Jaxon Knigh','Female','1966-05-08','Spain'),(660,'Hayden Man','Male','1977-02-02','Spain'),(661,'Emmett Pachec','Female','1976-09-13','Sweden'),(662,'Lillie Rosale','Female','1985-10-21','Sweden'),(663,'Zayden Pen','Female','1979-04-25','Sweden'),(664,'Malik Care','Male','1978-08-05','Sweden'),(665,'Hayden Buchana','Male','1967-09-10','Sweden'),(666,'Lucifer Devil','NonBinary','1978-07-23','Sweden'),(667,'Giana Won','Female','1981-04-02','Sweden'),(668,'Mylie Knap','Female','1982-02-11','Sweden'),(669,'Aurora Mckenzi','Female','1982-07-14','Sweden'),(670,'Delilah Hayde','Female','1973-12-08','Sweden'),(671,'Dylan Wagne','Male','1970-05-05','Sweden'),(672,'Sophie Hernande','Male','1973-12-23','Sweden'),(673,'Stella Fros','Male','1979-11-11','Sweden'),(674,'Markus Muno','Male','1975-02-18','Sweden'),(675,'Angel Brand','Male','1985-01-11','Sweden'),(676,'Cristian Gutierre','Female','1981-08-10','Switzerland'),(677,'Jaime Staffor','Female','1972-08-23','Switzerland'),(678,'Ellie Green','Male','1984-04-05','Switzerland'),(679,'Kailee Nobl','Male','1977-01-13','Switzerland'),(680,'Jaydin Valenzuel','Male','1977-12-24','Switzerland'),(681,'Reilly Huert','Female','1968-10-17','Switzerland'),(682,'Kiara Molin','Female','1985-06-03','Switzerland'),(683,'Lillian Riddl','Female','1977-07-01','Switzerland'),(684,'Nolan Fishe','Male','1976-07-24','Switzerland'),(685,'Alvin Beasle','Female','1968-06-07','Switzerland'),(686,'Nash Denni','Female','1979-01-13','Switzerland'),(687,'Micaela Hick','Female','1978-09-26','Switzerland'),(688,'Madelyn Powel','Male','1971-11-24','Switzerland'),(689,'Lauren Dura','Male','1967-12-04','Switzerland'),(690,'Alyvia Jarvi','Female','1985-06-09','Switzerland'),(691,'Ellen Boot','Male','1979-08-17','Turkey'),(692,'Ava Roac','Male','1969-10-11','Turkey'),(693,'Iris Shaffe','Male','1983-11-27','Turkey'),(694,'Cesar Sim','Female','1970-07-21','Turkey'),(695,'Braelyn Colo','Male','1969-10-04','Turkey'),(696,'Nathalia Beltra','Female','1980-02-14','Turkey'),(697,'Ethen Bas','Male','1980-01-09','Turkey'),(698,'Alonzo Fre','Male','1984-10-01','Turkey'),(699,'Jaxon Lar','Male','1973-04-07','Turkey'),(700,'Kiara Molin','Male','1978-05-18','Turkey'),(701,'Kassandra Arche','Female','1972-10-04','Turkey'),(702,'Gretchen Denni','Female','1980-12-06','Turkey'),(703,'Camden Guerr','Male','1975-02-04','Turkey'),(704,'Freddy Salina','Male','1967-09-07','Turkey'),(705,'Valeria Harriso','Male','1982-11-17','Turkey'),(706,'Dominique Down','Male','1982-10-08','Ukraine'),(707,'Yandel Zamor','Female','1979-02-05','Ukraine'),(708,'Esteban Chane','Female','1978-02-13','Ukraine'),(709,'Devon Sampso','Female','1976-07-04','Ukraine'),(710,'Marques Thoma','Female','1971-10-05','Ukraine'),(711,'Abdiel Ingra','Female','1980-07-21','Ukraine'),(712,'Marely Mirand','Male','1983-02-26','Ukraine'),(713,'Micaela Hick','Male','1973-08-09','Ukraine'),(714,'Lesly Week','Female','1981-06-02','Ukraine'),(715,'Nikhil Gonzale','Male','1973-10-06','Ukraine'),(716,'Dustin Walle','Male','1973-02-01','Ukraine'),(717,'Nayeli Rosale','Female','1971-07-06','Ukraine'),(718,'Kaliyah Rasmusse','Male','1981-04-17','Ukraine'),(719,'Ariel Pearso','Female','1975-04-16','Ukraine'),(720,'Darryl Davil','Male','1968-08-28','Ukraine'),(721,'Giovani Gran','Female','1967-10-20','United Kingdom'),(722,'Gabriel Blanchar','Female','1980-11-17','United Kingdom'),(723,'Brielle Ros','Female','1980-07-08','United Kingdom'),(724,'Ayden Bulloc','Male','1978-01-20','United Kingdom'),(725,'Devon Sampso','Male','1979-05-19','United Kingdom'),(726,'Yadiel Elli','Male','1979-11-10','United Kingdom'),(727,'Lennon Ston','Male','1974-12-07','United Kingdom'),(728,'Jarrett Mcknigh','Female','1976-09-03','United Kingdom'),(729,'Emiliano Aceved','Female','1975-12-26','United Kingdom'),(730,'Malik Dea','Male','1985-07-13','United Kingdom'),(731,'Alicia Henderso','Male','1982-02-27','United Kingdom'),(732,'Laura Fitzpatric','Female','1969-08-26','United Kingdom'),(733,'Lilah Ken','Female','1979-11-13','United Kingdom'),(734,'Greta Zunig','Male','1968-06-13','United Kingdom'),(735,'Semaj Cai','Male','1974-06-25','United Kingdom'),(736,'Jaime Staffor','Female','1969-01-22','Yugoslavia'),(737,'Marina Aver','Female','1974-04-02','Yugoslavia'),(738,'Sage Meji','Male','1968-05-18','Yugoslavia'),(739,'Grace Pitt','Male','1977-12-12','Yugoslavia'),(740,'Leyla Dudle','Female','1970-12-09','Yugoslavia'),(741,'Amiya Mcclai','Female','1979-05-05','Yugoslavia'),(742,'Adalynn Varga','Male','1981-12-03','Yugoslavia'),(743,'Marquise Brenna','Male','1968-08-10','Yugoslavia'),(744,'Kenna Bas','Female','1965-04-17','Yugoslavia'),(745,'Raiden Fletche','Female','1975-05-06','Yugoslavia'),(746,'Jon Mood','Male','1975-04-23','Yugoslavia'),(747,'Cristina Drak','Male','1974-11-17','Yugoslavia'),(748,'Matias Kir','Male','1981-09-21','Yugoslavia'),(749,'Meghan Parris','Female','1981-06-21','Yugoslavia'),(750,'Korbin Mccormic','Female','1985-09-14','Yugoslavia');
/*!40000 ALTER TABLE `juror` ENABLE KEYS */;
UNLOCK TABLES;

--
-- Temporary view structure for view `num_of_contestants_view`
--

DROP TABLE IF EXISTS `num_of_contestants_view`;
/*!50001 DROP VIEW IF EXISTS `num_of_contestants_view`*/;
SET @saved_cs_client     = @@character_set_client;
/*!50503 SET character_set_client = utf8mb4 */;
/*!50001 CREATE VIEW `num_of_contestants_view` AS SELECT 
 1 AS `year`,
 1 AS `num_contestants`*/;
SET character_set_client = @saved_cs_client;

--
-- Table structure for table `performer`
--

DROP TABLE IF EXISTS `performer`;
/*!40101 SET @saved_cs_client     = @@character_set_client */;
/*!50503 SET character_set_client = utf8mb4 */;
CREATE TABLE `performer` (
  `perf_id` int NOT NULL AUTO_INCREMENT,
  `perf_name` varchar(45) DEFAULT NULL,
  `num_of_members` int DEFAULT '1',
  `date_of_birth` date DEFAULT NULL,
  `gender` enum('Male','Female','NonBinary','Null') DEFAULT 'Null',
  PRIMARY KEY (`perf_id`),
  KEY `SECONDARY` (`perf_name`)
) ENGINE=InnoDB AUTO_INCREMENT=251 DEFAULT CHARSET=utf8mb3;
/*!40101 SET character_set_client = @saved_cs_client */;

--
-- Dumping data for table `performer`
--

LOCK TABLES `performer` WRITE;
/*!40000 ALTER TABLE `performer` DISABLE KEYS */;
INSERT INTO `performer` VALUES (1,'Colleen Murphy',1,'1991-02-11','Male'),(2,'Hanan Senior',1,'1981-02-10','Female'),(3,'Milton Lopez',1,'1988-09-16','Male'),(4,'Bronte Barker',1,'1985-07-22','Female'),(5,'Billy Morales',1,'1974-06-15','Male'),(6,'Sylvia Holding',1,'1976-09-24','Female'),(7,'Murat Serrano',1,'1981-06-12','Male'),(8,'Aneeka Dickerson',1,'1974-05-06','Male'),(9,'Hugh Sinclair',1,'1983-08-09','Female'),(10,'Lorelei Bone',1,'1970-05-17','Female'),(11,'Abdurrahman Scott',1,'1968-04-05','Male'),(12,'Mairead Ortega',1,'1973-09-06','Female'),(13,'Inaayah Weaver',1,'1969-08-26','Female'),(14,'Kelis Tillman',1,'1990-09-19','Female'),(15,'Adriana Conway',1,'1973-07-19','Female'),(16,'Hira Beck',1,'1987-08-06','Male'),(17,'Greg Kerr',1,'1994-11-05','Female'),(18,'Frances Clifford',1,'1980-05-06','Female'),(19,'Kornelia Lu',1,'1984-05-25','Female'),(20,'Krisha Spooner',1,'1976-05-13','Female'),(21,'Brielle Sharpe',1,'1982-01-20','Male'),(22,'Cassia Parkes',1,'1975-06-12','Female'),(23,'Braydon Walters',1,'1973-06-14','Female'),(24,'Cerys Fitzgerald',1,'1968-02-27','Male'),(25,'Chantal Weston',1,'1968-04-07','Female'),(26,'Aisha Gamble',1,'1977-05-18','Female'),(27,'Eleasha Lennon',1,'1970-05-12','Female'),(28,'Iona Mckee',1,'1994-03-13','Male'),(29,'Keir Shelton',1,'1972-04-05','Female'),(30,'Nahla Barton',1,'1985-08-27','Female'),(31,'Rodney Workman',1,'1974-09-28','Female'),(32,'Delores Mcdermott',1,'1973-04-19','Female'),(33,'Teresa Barron',1,'1988-11-13','Female'),(34,'Yisroel Archer',1,'1992-09-13','Female'),(35,'Donald Mosley',1,'1989-08-02','Male'),(36,'Leon Dougherty',1,'1969-03-10','Male'),(37,'Jacqueline Boone',1,'1972-07-18','Female'),(38,'Sade Fletcher',1,'1977-06-20','Female'),(39,'Jae Tate',1,'1992-08-14','Male'),(40,'Aroush Coleman',1,'1989-03-11','Male'),(41,'Elena Bradley',1,'1990-04-28','Male'),(42,'Zoha Stevens',1,'1970-05-09','Female'),(43,'Demi Hastings',1,'1973-10-18','Female'),(44,'Grace Duran',1,'1994-11-10','Male'),(45,'Shazia House',1,'1972-01-19','Female'),(46,'Cory Simmonds',1,'1987-09-19','Female'),(47,'Elyse Golden',1,'1980-09-09','Male'),(48,'Brenna Jarvis',1,'1981-06-27','Female'),(49,'Finnley Donaldson',1,'1972-08-18','Male'),(50,'Beatrice Prosser',1,'1992-08-16','Male'),(51,'Tobey Miller',1,'1975-10-01','Male'),(52,'Jenna Huffman',1,'1975-06-08','Female'),(53,'Steve Mackay',1,'1985-07-06','Male'),(54,'Perry Bates',1,'1974-03-17','Female'),(55,'Zhane Huff',1,'1985-08-10','Female'),(56,'Harpreet Vaughan',1,'1970-02-15','Female'),(57,'Dale Escobar',1,'1970-07-21','Female'),(58,'Jody Couch',1,'1978-05-14','Male'),(59,'Mica Whiteley',1,'1985-11-07','Female'),(60,'Adina Wynn',1,'1995-10-03','Female'),(61,'Anaiya Ware',1,'1973-07-02','Male'),(62,'Cayden Rosales',1,'1973-12-21','Female'),(63,'Clarice Nguyen',1,'1986-10-10','Female'),(64,'Aadam Matthams',1,'1970-03-24','Male'),(65,'Rudy Case',1,'1993-04-01','Male'),(66,'Josie Robertson',1,'1994-01-01','Male'),(67,'Roma Rasmussen',1,'1973-10-16','Female'),(68,'Nur Day',1,'1981-06-26','Female'),(69,'Hanna Arellano',1,'1991-03-02','Male'),(70,'Hope Duke',1,'1985-04-12','Male'),(71,'Damian Pitt',1,'1995-04-05','Male'),(72,'Mayur Healy',1,'1991-02-07','Male'),(73,'Aleksandra Montoya',1,'1993-10-06','Female'),(74,'Troy Molina',1,'1990-08-01','Female'),(75,'Vivaan Steadman',1,'1977-11-19','Male'),(76,'Shayla Rowley',1,'1971-10-10','Female'),(77,'Jarod Weston',1,'1978-09-17','Male'),(78,'Samia Marriott',1,'1987-07-21','Female'),(79,'Dominic Wilks',1,'1989-12-13','Male'),(80,'Donna Oneal',1,'1984-01-04','Male'),(81,'Magnus Ray',1,'1976-11-16','Male'),(82,'Eliza Ramsey',1,'1975-01-10','Male'),(83,'Ruby-Mae Glass',1,'1972-10-26','Male'),(84,'Stefan Miranda',1,'1982-04-17','Female'),(85,'Rafferty Drake',1,'1994-02-14','Female'),(86,'Aria Mcdonnell',1,'1977-01-11','Female'),(87,'Zayan Penn',1,'1968-04-27','Female'),(88,'Serenity Hayward',1,'1981-03-07','Male'),(89,'Zunairah Flynn',1,'1993-01-05','Male'),(90,'Dev Short',1,'1968-09-12','Female'),(91,'Iqrah Morris',1,'1980-05-02','Male'),(92,'Octavia Webber',1,'1995-12-21','Male'),(93,'Tommie Dalton',1,'1984-05-06','Male'),(94,'Noel Paine',1,'1990-05-09','Female'),(95,'Tori Valencia',1,'1994-07-13','Female'),(96,'Saba Bowers',1,'1987-03-28','Male'),(97,'Justine Osborn',1,'1991-04-28','Male'),(98,'Addison Paul',1,'1969-05-02','Male'),(99,'King Alfaro',1,'1975-01-11','Female'),(100,'Chantel Thatcher',1,'1971-10-12','Male'),(101,'Armani Edwards',1,'1985-04-25','Male'),(102,'Samah Dean',1,'1977-06-01','Male'),(103,'Teresa Chambers',1,'1968-06-16','Male'),(104,'Areebah Mcdermott',1,'1986-03-26','Male'),(105,'Cordelia Feeney',1,'1968-12-06','Male'),(106,'Esmae Hunt',1,'1976-03-08','Female'),(107,'Austin Howarth',1,'1974-06-01','Female'),(108,'June Trujillo',1,'1986-12-05','Male'),(109,'Tonya Giles',1,'1982-07-11','Male'),(110,'Manahil Hutton',1,'1981-10-25','Male'),(111,'Priya Roman',1,'1994-06-22','Female'),(112,'Daanyal Lynch',1,'1992-06-12','Female'),(113,'Tolga Doyle',1,'1986-12-26','Female'),(114,'Dan Landry',1,'1990-07-03','Male'),(115,'Joan Coombes',1,'1975-10-15','Female'),(116,'Caspian Lara',1,'1969-07-26','Male'),(117,'Zuzanna Moyer',1,'1995-12-14','Male'),(118,'Sharmin Gough',1,'1975-12-18','Male'),(119,'Samirah Erickson',1,'1994-03-14','Male'),(120,'Rosemarie Simmonds',1,'1979-06-08','Male'),(121,'Khadeeja Chan',1,'1988-11-22','Male'),(122,'Sabrina Randolph',1,'1989-01-26','Male'),(123,'Alima Rogers',1,'1978-08-05','Male'),(124,'Edie Kidd',1,'1981-06-19','Female'),(125,'Ivy-Rose Charlton',1,'1976-03-12','Male'),(126,'Haleema Scott',1,'1976-11-16','Female'),(127,'Evan Holland',1,'1987-06-01','Male'),(128,'Aairah Avalos',1,'1995-03-27','Female'),(129,'Melinda Whittaker',1,'1979-12-05','Male'),(130,'Brett Xiong',1,'1987-05-19','Female'),(131,'Md Avila',1,'1977-07-15','Male'),(132,'Pixie Wiley',1,'1970-04-06','Male'),(133,'Jaxson Lugo',1,'1973-05-04','Female'),(134,'Anaya Wagstaff',1,'1991-03-05','Male'),(135,'Ailsa Rich',1,'1985-07-01','Male'),(136,'Khadijah Tucker',1,'1976-08-13','Male'),(137,'Simone Vaughan',1,'1988-08-10','Male'),(138,'Beck Meyers',1,'1985-12-21','Female'),(139,'Leland Kirkpatrick',1,'1972-09-13','Male'),(140,'Zaynah Cherry',1,'1969-09-04','Male'),(141,'Kacper Callaghan',1,'1992-12-12','Female'),(142,'Junayd Ballard',1,'1976-07-15','Female'),(143,'Mollie Greig',1,'1973-08-26','Male'),(144,'Rea Terry',1,'1993-08-08','Female'),(145,'Arwel Price',1,'1971-09-13','Female'),(146,'Regina Wood',1,'1976-04-18','Female'),(147,'Zayyan Macgregor',1,'1973-11-04','Male'),(148,'Javan Lopez',1,'1972-03-03','Male'),(149,'Danial Khan',1,'1994-07-28','Female'),(150,'Neal Warner',1,'1995-09-04','Female'),(151,'Katy Marsden',1,'1995-09-10','Male'),(152,'Mia Broadhurst',1,'1974-07-07','Female'),(153,'Roza Peel',1,'1994-12-08','Male'),(154,'Cally Nunez',1,'1974-02-15','Male'),(155,'Mikael Moore',1,'1981-12-01','Female'),(156,'Kaleb Mohammed',1,'1985-10-01','Female'),(157,'Hamid Martin',1,'1975-03-08','Female'),(158,'Ishika Lamb',1,'1973-01-21','Male'),(159,'Nicolas Ferry',1,'1974-04-28','Female'),(160,'Tyra Leigh',1,'1975-02-22','Female'),(161,'Levison Jensen',1,'1991-09-25','Male'),(162,'Holli Butler',1,'1988-04-03','Female'),(163,'Cosmo Head',1,'1992-09-06','Male'),(164,'Cole Wilkes',1,'1982-02-09','Male'),(165,'Paolo Grant',1,'1981-06-06','Female'),(166,'Gracie-Mai Ellis',1,'1982-06-08','Female'),(167,'Winifred Truong',1,'1972-06-12','Male'),(168,'Skylah Fry',1,'1970-01-23','Female'),(169,'Rehan Warren',1,'1985-07-15','Male'),(170,'Caio Leal',1,'1989-12-25','Female'),(171,'Ema Brett',1,'1968-12-17','Male'),(172,'Kelsie Tran',1,'1979-07-10','Female'),(173,'Mahamed Li',1,'1995-01-13','Female'),(174,'Suman Hackett',1,'1986-04-27','Male'),(175,'Israr Morley',1,'1971-02-12','Male'),(176,'Billie Handley',1,'1993-09-03','Female'),(177,'Heidi Rankin',1,'1993-03-27','Male'),(178,'Rhyley Daniels',1,'1981-12-25','Male'),(179,'Tanner Fitzpatrick',1,'1991-11-15','Female'),(180,'Mateo Franklin',1,'1985-01-24','Female'),(181,'Lizz',1,'1972-12-01','Female'),(182,'William Howell',1,'1974-06-12','Male'),(183,'Raj Stone',1,'1983-05-15','Male'),(184,'Chanelle Trevino',1,'1992-10-10','Female'),(185,'Kieron Berger',1,'1970-05-03','Male'),(186,'Asim Pineda',1,'1990-09-16','Male'),(187,'Josephine Crouch',1,'1975-10-05','Female'),(188,'Krishan Vang',1,'1987-11-10','Female'),(189,'Julie Suarez',1,'1973-09-12','Female'),(190,'Corben Kennedy',1,'1980-12-15','Male'),(191,'Khloe Philip',1,'1985-07-11','Female'),(192,'Danial Stone',1,'1976-07-27','Female'),(193,'Dilan Mendez',1,'1990-06-26','Male'),(194,'Hafsah Whittington',1,'1976-09-27','Female'),(195,'Rahim Harvey',1,'1984-09-03','Male'),(196,'Elodie Hester',1,'1995-07-09','Female'),(197,'Doris Romero',1,'1994-07-23','Female'),(198,'Jack Patton',1,'1989-08-27','Male'),(199,'Kayleigh Walker',1,'1987-03-18','Female'),(200,'Siena Hawes',1,'1984-09-23','Female'),(201,'Anya O\'Ryan',1,'1987-01-02','Female'),(202,'Lillia Britton',1,'1984-09-06','Male'),(203,'Kingsley Hutchinson',1,'1980-02-21','Male'),(204,'Luc Diaz',1,'1993-12-03','Female'),(205,'Gabriel Ratcliffe',1,'1981-09-03','Female'),(206,'Ilayda Jacobson',1,'1990-01-05','Male'),(207,'Isla-Rae Ashley',1,'1984-12-03','Female'),(208,'Gaia Stewart',1,'1988-03-21','Female'),(209,'Stuart Traynor',1,'1971-10-02','Female'),(210,'Cieran Millar',1,'1991-03-25','Male'),(211,'Erin Ritter',1,'1991-08-22','Male'),(212,'Elsie-Rose Lloyd',1,'1978-02-20','Female'),(213,'Taylah O\'Reilly',1,'1980-05-15','Male'),(214,'Elysha Robin',1,'1972-04-11','Male'),(215,'Alfie-James Harrison',1,'1971-08-04','Female'),(216,'Saoirse Dorsey',1,'1991-10-10','Female'),(217,'Isha Weeks',1,'1990-06-17','Female'),(218,'Sulaiman Lynn',1,'1985-08-04','Female'),(219,'Alivia Sanderson',1,'1994-07-16','Female'),(220,'The Crazy Can For the English People',1,'1988-08-20','Female'),(221,' The Poor English People\'s Club',3,'1969-11-14',NULL),(222,' Duddley Yelddud',6,'1984-12-07',NULL),(223,' Duddleyatron',5,'1974-05-27',NULL),(224,' One Girl',3,'1988-03-19',NULL),(225,' Duddley and Sons',3,'1972-11-21',NULL),(226,' My Poor Romance',6,'1992-11-22',NULL),(227,' No Teddy Bear',3,'1987-12-27',NULL),(228,' No Rest For the English People',3,'1980-08-13',NULL),(229,' One Zillion Inch Melons',3,'1976-01-21',NULL),(230,' Melons One Zillion',5,'1994-12-28',NULL),(231,' Of Men and Hamsters',4,'1972-08-07',NULL),(232,' Melons for the English People',5,'1976-03-11',NULL),(233,' Teddy Bearhead',6,'1995-05-26',NULL),(234,' Saving Duddley',6,'1976-07-16',NULL),(235,' One Zilliondust',5,'1979-12-06',NULL),(236,' Purely Ginger',5,'1973-05-05',NULL),(237,' The Teddy Bear Hamsters',5,'1968-08-14',NULL),(238,' Rubbish Wales Hamsters',3,'1992-01-27',NULL),(239,' Crazy Teddy Bear Cult',6,'1993-09-13',NULL),(240,' Teddy Bear Attack',3,'1988-11-06',NULL),(241,' Teddy Bear Popping English People',3,'1993-04-03',NULL),(242,' Skipping for the Crazy Woman',4,'1992-04-28',NULL),(243,' Teddy Bearback',6,'1982-09-21',NULL),(244,' Deaf Hamsters',3,'1980-04-05',NULL),(245,' Teenage Crazy Ginger Melons',3,'1994-12-11',NULL),(246,' The Crazy D Experience',6,'1972-09-25',NULL),(247,' Super Crazy Hamsters',6,'1969-02-04',NULL),(248,' Beyond Wales',6,'1971-06-17',NULL),(249,' It\'s My Teddy Bear',6,'1974-11-27',NULL),(250,' Skipping in Wale',3,'1984-07-23',NULL);
/*!40000 ALTER TABLE `performer` ENABLE KEYS */;
UNLOCK TABLES;

--
-- Temporary view structure for view `place_view`
--

DROP TABLE IF EXISTS `place_view`;
/*!50001 DROP VIEW IF EXISTS `place_view`*/;
SET @saved_cs_client     = @@character_set_client;
/*!50503 SET character_set_client = utf8mb4 */;
/*!50001 CREATE VIEW `place_view` AS SELECT 
 1 AS `year`,
 1 AS `country`,
 1 AS `place`*/;
SET character_set_client = @saved_cs_client;

--
-- Temporary view structure for view `points_view`
--

DROP TABLE IF EXISTS `points_view`;
/*!50001 DROP VIEW IF EXISTS `points_view`*/;
SET @saved_cs_client     = @@character_set_client;
/*!50503 SET character_set_client = utf8mb4 */;
/*!50001 CREATE VIEW `points_view` AS SELECT 
 1 AS `year`,
 1 AS `country`,
 1 AS `points`*/;
SET character_set_client = @saved_cs_client;

--
-- Table structure for table `presenter`
--

DROP TABLE IF EXISTS `presenter`;
/*!40101 SET @saved_cs_client     = @@character_set_client */;
/*!50503 SET character_set_client = utf8mb4 */;
CREATE TABLE `presenter` (
  `year` int unsigned NOT NULL,
  `name` varchar(45) NOT NULL,
  `gender` enum('Male','Female','NonBinary') DEFAULT NULL,
  `date_of_birth` date DEFAULT NULL,
  PRIMARY KEY (`name`,`year`),
  KEY `year` (`year`),
  CONSTRAINT `presenter_ibfk_1` FOREIGN KEY (`year`) REFERENCES `contest` (`year`)
) ENGINE=InnoDB DEFAULT CHARSET=utf8mb3;
/*!40101 SET character_set_client = @saved_cs_client */;

--
-- Dumping data for table `presenter`
--

LOCK TABLES `presenter` WRITE;
/*!40000 ALTER TABLE `presenter` DISABLE KEYS */;
INSERT INTO `presenter` VALUES (2019,'Bar Rafaeli','Female','1985-06-04'),(2021,'Chantal Janzen','Female','1979-02-15'),(2021,'Edsilia Rosmbley','Female','1978-02-13'),(2019,'Erez Tal','Male','1961-07-27'),(2021,'Jan Smit','Male','1985-12-31'),(2006,'Maria Menounos','Female','1978-06-08'),(2021,'Nikkie de Jager','NonBinary','1994-03-02'),(2006,'Sakis Rouvas','Male','1972-01-05');
/*!40000 ALTER TABLE `presenter` ENABLE KEYS */;
UNLOCK TABLES;

--
-- Table structure for table `track`
--

DROP TABLE IF EXISTS `track`;
/*!40101 SET @saved_cs_client     = @@character_set_client */;
/*!50503 SET character_set_client = utf8mb4 */;
CREATE TABLE `track` (
  `track_name` varchar(45) NOT NULL,
  `year` int NOT NULL,
  `country_name` varchar(45) NOT NULL,
  `genre` enum('Rock','Pop','Folk','Metal','Country','Soul','Electronic') DEFAULT NULL,
  `duration` float DEFAULT NULL,
  `perf_id` int NOT NULL,
  PRIMARY KEY (`track_name`,`year`,`country_name`),
  KEY `fk_Track_Performer1_idx` (`perf_id`),
  CONSTRAINT `fk_Track_Performer1` FOREIGN KEY (`perf_id`) REFERENCES `performer` (`perf_id`)
) ENGINE=InnoDB DEFAULT CHARSET=utf8mb3;
/*!40101 SET character_set_client = @saved_cs_client */;

--
-- Dumping data for table `track`
--

LOCK TABLES `track` WRITE;
/*!40000 ALTER TABLE `track` DISABLE KEYS */;
INSERT INTO `track` VALUES (' And Angel',2017,'Yugoslavia','Rock',2.4,104),(' Dream On',2015,'Lithuania','Rock',2.37,155),(' Enjoy The Show',2015,'Monaco','Electronic',2.24,156),(' I Like The Way You Move',2015,'France','Folk',2.23,165),(' Sweet Dreams Tonight',2015,'Belarus','Electronic',2.28,167),(' This\'ll Make You Sweat',2015,'Netherlands','Country',2.51,166),('A Thing Of The Good Life',2021,'Israel','Electronic',2.56,21),('A Thing Of Time',2021,'Serbia','Folk',2.27,16),('All For That Cash',2020,'Albania','Metal',2.38,39),('Altered And Music',2017,'Croatia','Soul',2.38,109),('Babe',2013,'Finland','Rock',2.43,214),('Babe',2013,'Iceland','Country',2.32,219),('Babe',2014,'Estonia','Folk',2.39,196),('Babe',2014,'Iceland','Folk',2.39,190),('Babe',2014,'Switzerland','Soul',2.32,194),('Babe',2015,'Austria','Country',2.22,174),('Babe',2015,'Bulgaria','Electronic',2.24,170),('Babe',2015,'Hungary','Soul',2.2,153),('Babe',2015,'Italy','Soul',2.38,161),('Babe',2015,'Slovenia','Electronic',2.28,159),('Babe',2015,'Ukraine','Metal',2.28,157),('Babe',2016,'Greece','Metal',2.52,145),('Babe',2016,'Norway','Electronic',2.4,149),('Baby',2013,'Bulgaria','Pop',2.32,210),('Baby',2013,'Italy','Metal',2.49,217),('Baby',2013,'Yugoslavia','Rock',2.42,221),('Baby',2014,'Hungary','Folk',2.35,177),('Baby',2014,'Luxembourg','Country',2.56,198),('Baby',2014,'Malta','Rock',2.39,192),('Baby',2014,'Ukraine','Pop',2.56,200),('Baby',2015,'Armenia','Electronic',2.3,163),('Baby',2015,'Iceland','Folk',2.33,151),('Beat And Money',2017,'Portugal','Electronic',2.53,118),('Beats Of My Lyrics',2019,'Estonia','Electronic',2.55,59),('Beats Of That Own Thang',2018,'Germany','Country',2.52,78),('Because',2021,'Latvia','Country',2.36,24),('Belong To His Own',2019,'Latvia','Metal',2.36,75),('Best And Moves',2016,'Germany','Folk',2.25,133),('Brave And Love',2016,'Czech Republic','Pop',2.37,143),('Brave And Lyrics',2016,'Sweden','Rock',2.35,138),('Bring It On',2015,'North Macedonia','Folk',2.37,164),('Bring On That Streets',2018,'Netherlands','Country',2.48,96),('Bring On Your Money',2018,'Montenegro','Folk',2.52,94),('Broken And Choice',2017,'France','Electronic',2.21,106),('Bust Some Moves',2015,'Montenegro','Country',2.48,169),('Cash For Her Cadillac',2018,'Monaco','Electronic',2.57,90),('Cash For Streets',2019,'Greece','Rock',2.46,66),('Club For The Good Times',2021,'Bosnia and Herzegovina','Folk',2.54,5),('Cool And Mic',2016,'Ireland','Metal',2.47,142),('Cool And Mind',2017,'Poland','Metal',2.53,115),('Crazy And Vibrations',2017,'Russia','Soul',2.23,123),('Crazy Of His Life',2019,'Switzerland','Country',2.3,70),('Crazy Of The Edge',2021,'Austria','Electronic',2.35,17),('Crazy Of The Noise',2020,'Belarus','Metal',2.41,34),('Crossroads Of Your Fire',2019,'Luxembourg','Pop',2.5,53),('Dangerous And Mind',2016,'North Macedonia','Pop',2.52,127),('Dangerous And Money',2017,'San Marino','Pop',2.56,108),('Dead Of Monsters',2020,'Croatia','Electronic',2.42,38),('Dead Of The Good Life',2020,'Malta','Electronic',2.43,33),('Dear And Music',2016,'Spain','Metal',2.21,141),('Dirty And Danger',2018,'Portugal','Country',2.59,97),('Dirty And Heaven',2016,'Bosnia and Herzegovina','Folk',2.5,137),('Dirty And Nightmare',2016,'Latvia','Country',2.22,144),('Dirty And Secrets',2016,'Italy','Folk',2.56,128),('Do Your Own Thang',2014,'France','Metal',2.28,178),('Dream Her Best Friend',2019,'Albania','Metal',2.38,58),('Dream My Fire',2020,'Monaco','Rock',2.26,50),('Drive For Love',2021,'Netherlands','Folk',2.32,12),('Drivin\' Your Cash',2018,'Cyprus','Electronic',2.41,88),('Drop It',2015,'Latvia','Country',2.37,154),('End',2020,'Switzerland','Electronic',2.48,26),('End For That Cash',2020,'Russia','Soul',2.37,45),('End For Two',2020,'Georgia','Electronic',2.28,28),('Endless And Danger',2017,'Switzerland','Folk',2.51,124),('Endless And Love',2016,'Armenia','Folk',2.31,139),('Enjoy The Silence',2016,'Lithuania','Country',2.44,146),('Fight Of A New Day',2021,'Australia','Rock',2.28,4),('Fight Of Anything',2021,'Poland','Electronic',2.31,23),('Forget Rhythm',2019,'Spain','Pop',2.42,56),('Forgot My Ride',2018,'Ireland','Folk',2.34,85),('Forgot My Time',2018,'Russia','Country',2.57,81),('Forgot Your Lady',2018,'France','Pop',2.23,87),('Freedom And Syndrome',2017,'Serbia','Soul',2.57,116),('Gangs Of My Game',2018,'Sweden','Rock',2.41,84),('Ghetto Of The Good Life',2020,'Bosnia and Herzegovina','Soul',2.51,48),('Go Crazy',2014,'North Macedonia','Pop',2.59,184),('Hate Of Nightmares',2020,'Portugal','Country',2.37,43),('He Hates I Got Away With It',2012,'Turkey','Metal',2.21,226),('He Hates I\'m Ridin\'',2012,'Greece','Rock',2.29,228),('He Hopes I\'m Ridin\'',2012,'Australia','Folk',2.23,246),('He Knows I\'m Makin\' Money',2012,'Austria','Electronic',2.32,241),('He Said I\'m Streetwise',2012,'Norway','Folk',2.4,234),('He Thinks I\'m Innocent',2012,'Georgia','Electronic',2.44,243),('He Won\'t Stop',2012,'Malta','Electronic',2.2,227),('He\'s Going To Make It',2012,'Moldova','Soul',2.26,242),('Heart For A Rainy Day',2020,'Israel','Soul',2.22,32),('Heart Of Soul',2018,'Slovakia ','Rock',2.52,95),('Hell',2021,'Belgium','Country',2.45,14),('Hell For An Angel',2021,'Cyprus','Folk',2.22,6),('Hip Hop And Control',2017,'Australia','Metal',2.44,102),('Hip Hop And Future',2016,'Finland','Electronic',2.56,131),('Honey',2013,'Armenia','Country',2.32,212),('Honey',2013,'Azerbaijan','Country',2.47,202),('Honey',2013,'Luxembourg','Rock',2.4,206),('Honey',2014,'Czech Republic','Electronic',2.41,185),('Honey',2014,'Turkey','Soul',2.22,180),('Honey',2014,'United Kingdom','Soul',2.33,183),('Honey',2015,'Bosnia and Herzegovina','Electronic',2.55,172),('Honey',2015,'Serbia','Folk',2.32,168),('Honey',2016,'Poland','Rock',2.4,147),('Hypnotize Me',2013,'Switzerland','Metal',2.29,203),('I Got It',2014,'Latvia','Metal',2.46,189),('I Hate She Won\'t Stop',2012,'Montenegro','Country',2.58,244),('I Heard He Did It Like That',2013,'Slovenia','Soul',2.51,225),('I Heard I Got It Easy',2012,'Luxembourg','Soul',2.33,233),('I Heard She Did It Like That',2012,'Serbia','Rock',2.54,230),('I Hope She Made Her Choice',2012,'Ukraine','Metal',2.58,231),('I Know',2012,'Estonia','Folk',2.45,238),('I Know He\'s Guilty',2012,'Iceland','Electronic',2.48,237),('I Love That Cha-Ching Sound',2014,'Netherlands','Electronic',2.42,187),('I Love That Lady',2019,'Belgium','Rock',2.41,55),('I Love That Thunder',2019,'Slovenia','Metal',2.57,73),('I Need My Heart',2018,'Australia','Folk',2.2,93),('I Think She\'s Been Played',2012,'Latvia','Rock',2.57,236),('I Used To Love You',2014,'Slovakia ','Electronic',2.23,181),('I\'m A Gangsta',2014,'Serbia','Electronic',2.24,191),('I\'m Losing Control',2014,'Bulgaria','Soul',2.49,195),('It Takes Two',2013,'Latvia','Folk',2.49,208),('It\'s Like This',2015,'Cyprus','Country',2.21,152),('It\'s Yours',2013,'Austria','Country',2.35,218),('Jams For Two',2020,'Sweden','Soul',2.37,30),('Jump Of Everything',2021,'Yugoslavia','Pop',2.28,25),('Jungle Of Hell',2020,'Moldova','Folk',2.57,37),('Let\'s Go',2013,'United Kingdom','Metal',2.54,222),('Let\'s Go Wild',2013,'Georgia','Rock',2.43,207),('Let\'s Go Wild',2014,'Andorra','Country',2.28,176),('Let\'s Ride',2014,'Bosnia and Herzegovina','Pop',2.27,197),('Let\'s Talk About It',2014,'Romania','Soul',2.3,179),('Let\'s Talk About It',2015,'Romania','Country',2.5,175),('Life\'s Short',2014,'Germany','Country',2.34,186),('Life\'s Short',2015,'Greece','Folk',2.27,171),('Life\'s Short',2015,'Russia','Metal',2.26,160),('Lines Of A Chance',2021,'Portugal','Soul',2.43,15),('Live For Myself',2021,'Georgia','Soul',2.26,10),('Lost And Choices',2018,'Iceland','Rock',2.53,99),('Lost And Pain',2018,'Lithuania','Country',2.41,98),('Love For My Rhythm',2018,'Estonia','Soul',2.25,83),('Love Of Fire',2020,'North Macedonia','Rock',2.35,42),('Loved By My Rhimes',2019,'Czech Republic','Pop',2.31,72),('Loved By That Broken Dreams',2018,'Turkey','Country',2.4,92),('Luck Of The Hard Life',2021,'Bulgaria','Electronic',2.44,20),('Mad For Your Temptations',2019,'Malta','Soul',2.32,57),('Mad For Your Tomorrow',2019,'North Macedonia','Rock',2.22,68),('Memories For A Chance',2021,'Turkey','Rock',2.41,18),('Memories Of Silence',2021,'Moldova','Rock',2.52,1),('Midnight And Rhymes',2017,'Germany','Country',2.24,110),('Midnight And Vibes',2016,'Montenegro','Metal',2.38,129),('Minute Of Me',2020,'Austria','Rock',2.34,35),('Mystery Of A Woman',2021,'Russia','Electronic',2.29,8),('Need My Way',2018,'Moldova','Rock',2.43,77),('New Kind For Love',2020,'Italy','Rock',2.44,46),('Night Of A Stranger',2021,'Italy','Folk',2.36,7),('Night Of Dreams',2021,'Finland','Electronic',2.54,13),('Nightlife And',2017,'Monaco','Pop',2.26,112),('Nightlife And History',2016,'Switzerland','Electronic',2.21,132),('No And Music',2017,'Azerbaijan','Electronic',2.53,120),('No And Soul',2017,'Ukraine','Soul',2.21,125),('One More And Angel',2017,'Albania','Metal',2.39,113),('One More Time',2014,'Italy','Folk',2.39,188),('One More Time',2014,'Norway','Electronic',2.22,182),('Out Of A New Day',2020,'Ukraine','Country',2.56,40),('Paradise Of My Own',2019,'Andorra','Metal',2.29,71),('Paradise Of Your Baby',2019,'Netherlands','Country',2.53,69),('Piece Of The Storm',2020,'Romania','Soul',2.3,47),('Player Of Heaven',2020,'Germany','Rock',2.39,36),('Power For The Bills',2021,'Croatia','Pop',2.26,11),('Rapper\'s And Choice',2017,'Slovakia ','Pop',2.4,103),('Rapper\'s And History',2016,'Romania','Pop',2.32,136),('Rapper\'s And Miracles',2016,'Estonia','Electronic',2.23,135),('Rebel And Cash',2017,'Lithuania','Pop',2.45,114),('Rebel And Syndrome',2016,'Yugoslavia','Soul',2.36,140),('Remember His Mind',2019,'Montenegro','Country',2.38,60),('Remember My Own',2019,'Portugal','Country',2.31,63),('Rhythm Of Silence',2021,'Malta','Metal',2.45,19),('Risky And Resurrection',2017,'Spain','Folk',2.41,105),('Running And History',2017,'Slovenia','Folk',2.43,111),('Running And Lyrics',2017,'Austria','Metal',2.23,101),('She Heard I Got Away With It',2012,'Slovakia ','Soul',2.28,249),('She Heard She Did It',2012,'Azerbaijan','Metal',2.53,229),('She Heard She\'s Trouble',2012,'Belarus','Electronic',2.23,240),('She Hopes I\'m Getting Outta Here',2012,'Sweden','Country',2.35,239),('She Knows I Go Crazy',2012,'Andorra','Electronic',2.23,235),('She Knows She\'s Crazy',2012,'Bulgaria','Metal',2.23,232),('She Made Her Choice',2012,'Denmark','Country',2.58,248),('She Said He\'s Innocent',2013,'Australia','Soul',2.4,223),('She Thinks He\'s Guilty',2012,'Finland','Soul',2.49,245),('She Thinks You\'re Trouble',2013,'France','Country',2.52,224),('She\'s A Gold Digger',2012,'Russia','Electronic',2.45,250),('Smooth And Resurrection',2017,'Malta','Electronic',2.35,122),('Song Of Infinity',2021,'Czech Republic','Country',2.58,2),('Soul Of His Rhythm',2020,'Cyprus','Country',2.3,49),('Soul Of That Hood',2018,'Latvia','Rock',2.43,91),('Soul Of The Noise',2020,'Azerbaijan','Rock',2.39,41),('Soul Of Your Streets',2019,'France','Rock',2.39,65),('Sound Of A Stranger',2020,'Slovenia','Country',2.31,27),('Speak Of The World',2021,'Romania','Metal',2.25,9),('Stay Outta My Way',2013,'Belarus','Metal',2.36,213),('Stay Outta My Way',2013,'Lithuania','Rock',2.57,201),('Stay Outta My Way',2015,'Switzerland','Country',2.55,173),('Stop Playing Tricks',2014,'San Marino','Country',2.24,199),('Stormy And Promises',2017,'Estonia','Folk',2.45,121),('Sweet Dreams Tonight',2013,'Portugal','Rock',2.38,211),('Sweet Dreams Tonight',2014,'Russia','Pop',2.21,193),('Talk About Her Hood',2019,'Georgia','Rock',2.21,67),('The Heartbeat Stops',2016,'Ukraine','Folk',2.54,148),('The World Is Ours',2013,'Greece','Electronic',2.46,215),('The World Is Ours',2015,'Israel','Metal',2.55,162),('There Goes His Thunder',2019,'Denmark','Electronic',2.56,51),('Things For Myself',2020,'Lithuania','Metal',2.38,44),('Thoughts Of Money',2021,'Albania','Electronic',2.3,22),('Thrill Of Thunder',2021,'Armenia','Folk',2.31,3),('Time For My Voice',2019,'San Marino','Soul',2.35,62),('Time Of Heaven',2020,'San Marino','Folk',2.37,29),('Trapped By Her Love',2018,'Belgium','Electronic',2.54,76),('Triumph Of A Broken Heart',2020,'Bulgaria','Electronic',2.41,31),('Violence Of Her Pain',2018,'Yugoslavia','Pop',2.35,89),('Voices Of His Dreams',2018,'Luxembourg','Country',2.45,79),('Wait For My Cash',2018,'Serbia','Electronic',2.2,86),('Wait For That Voice',2018,'Albania','Electronic',2.46,82),('Wanted And Games',2018,'Azerbaijan','Pop',2.3,100),('Warned And Paradise',2016,'Russia','Rock',2.25,130),('What Do You Know',2013,'San Marino','Pop',2.43,216),('What Do You Know',2016,'Denmark','Rock',2.59,150),('What\'s The Time?',2013,'Ukraine','Folk',2.24,209),('What\'s Up?',2013,'Malta','Electronic',2.44,204),('What\'s Up?',2015,'Spain','Pop',2.34,158),('Whisper Her Own Thang',2018,'Norway','Folk',2.39,80),('Whisper Her Song',2019,'Iceland','Soul',2.23,54),('Wild And Beats',2017,'Latvia','Rock',2.58,119),('With My Tomorrow',2019,'Germany','Folk',2.49,52),('Without My Baby',2019,'Ireland','Pop',2.37,64),('Without My Voice',2019,'Israel','Metal',2.27,61),('You Need To Chill',2013,'Spain','Rock',2.22,205),('You\'re A Gold Digger',2013,'Norway','Soul',2.34,220),('You\'re A Thug',2012,'Croatia','Metal',2.55,247),('Young And Angel',2016,'Netherlands','Country',2.43,134),('Young And Game',2016,'Moldova','Electronic',2.36,126),('Young And Mic',2017,'Moldova','Metal',2.38,107),('Young And Soul',2017,'Luxembourg','Folk',2.42,117),('Your',2019,'Lithuania','Soul',2.29,74);
/*!40000 ALTER TABLE `track` ENABLE KEYS */;
UNLOCK TABLES;

--
-- Temporary view structure for view `winners_view`
--

DROP TABLE IF EXISTS `winners_view`;
/*!50001 DROP VIEW IF EXISTS `winners_view`*/;
SET @saved_cs_client     = @@character_set_client;
/*!50503 SET character_set_client = utf8mb4 */;
/*!50001 CREATE VIEW `winners_view` AS SELECT 
 1 AS `year`,
 1 AS `winner`*/;
SET character_set_client = @saved_cs_client;

--
-- Final view structure for view `alltime_mostwins_view`
--

/*!50001 DROP VIEW IF EXISTS `alltime_mostwins_view`*/;
/*!50001 SET @saved_cs_client          = @@character_set_client */;
/*!50001 SET @saved_cs_results         = @@character_set_results */;
/*!50001 SET @saved_col_connection     = @@collation_connection */;
/*!50001 SET character_set_client      = utf8mb4 */;
/*!50001 SET character_set_results     = utf8mb4 */;
/*!50001 SET collation_connection      = utf8mb4_0900_ai_ci */;
/*!50001 CREATE ALGORITHM=UNDEFINED */
/*!50013 DEFINER=`root`@`localhost` SQL SECURITY DEFINER */
/*!50001 VIEW `alltime_mostwins_view` AS select `b`.`year` AS `year`,`b`.`winner` AS `country`,`track`.`track_name` AS `track_name`,`b`.`wins` AS `wins` from ((select `winners_view`.`year` AS `year`,`winners_view`.`winner` AS `winner`,row_number() OVER (PARTITION BY `winners_view`.`winner` ORDER BY `winners_view`.`year` desc )  AS `smth`,`a`.`wins` AS `wins` from (`winners_view` join (select `winners_view`.`winner` AS `C`,count(`winners_view`.`winner`) AS `wins` from `winners_view` group by `C` limit 1) `a` on((`winners_view`.`winner` = `a`.`C`)))) `b` left join `track` on(((`b`.`year` = `track`.`year`) and (`b`.`winner` = `track`.`country_name`)))) */;
/*!50001 SET character_set_client      = @saved_cs_client */;
/*!50001 SET character_set_results     = @saved_cs_results */;
/*!50001 SET collation_connection      = @saved_col_connection */;

--
-- Final view structure for view `alltime_top10tracks_view`
--

/*!50001 DROP VIEW IF EXISTS `alltime_top10tracks_view`*/;
/*!50001 SET @saved_cs_client          = @@character_set_client */;
/*!50001 SET @saved_cs_results         = @@character_set_results */;
/*!50001 SET @saved_col_connection     = @@collation_connection */;
/*!50001 SET character_set_client      = utf8mb4 */;
/*!50001 SET character_set_results     = utf8mb4 */;
/*!50001 SET collation_connection      = utf8mb4_0900_ai_ci */;
/*!50001 CREATE ALGORITHM=UNDEFINED */
/*!50013 DEFINER=`root`@`localhost` SQL SECURITY DEFINER */
/*!50001 VIEW `alltime_top10tracks_view` AS select `b`.`year` AS `year`,`b`.`country` AS `country`,`b`.`track` AS `track`,`performer`.`perf_name` AS `performer`,`b`.`points` AS `points` from ((select `track`.`year` AS `year`,`a`.`country` AS `country`,`track`.`track_name` AS `track`,`a`.`points` AS `points`,`track`.`perf_id` AS `perf_id` from ((select `points_view`.`year` AS `year`,`points_view`.`country` AS `country`,`points_view`.`points` AS `points` from `points_view` order by `points_view`.`points` desc limit 10) `a` join `track` on(((`track`.`year` = `a`.`year`) and (`track`.`country_name` = `a`.`country`))))) `b` join `performer` on((`b`.`perf_id` = `performer`.`perf_id`))) */;
/*!50001 SET character_set_client      = @saved_cs_client */;
/*!50001 SET character_set_results     = @saved_cs_results */;
/*!50001 SET collation_connection      = @saved_col_connection */;

--
-- Final view structure for view `num_of_contestants_view`
--

/*!50001 DROP VIEW IF EXISTS `num_of_contestants_view`*/;
/*!50001 SET @saved_cs_client          = @@character_set_client */;
/*!50001 SET @saved_cs_results         = @@character_set_results */;
/*!50001 SET @saved_col_connection     = @@collation_connection */;
/*!50001 SET character_set_client      = utf8mb4 */;
/*!50001 SET character_set_results     = utf8mb4 */;
/*!50001 SET collation_connection      = utf8mb4_0900_ai_ci */;
/*!50001 CREATE ALGORITHM=UNDEFINED */
/*!50013 DEFINER=`root`@`localhost` SQL SECURITY DEFINER */
/*!50001 VIEW `num_of_contestants_view` AS select `cct`.`year` AS `year`,count(`cct`.`country_name`) AS `num_contestants` from `cct` group by `cct`.`year` */;
/*!50001 SET character_set_client      = @saved_cs_client */;
/*!50001 SET character_set_results     = @saved_cs_results */;
/*!50001 SET collation_connection      = @saved_col_connection */;

--
-- Final view structure for view `place_view`
--

/*!50001 DROP VIEW IF EXISTS `place_view`*/;
/*!50001 SET @saved_cs_client          = @@character_set_client */;
/*!50001 SET @saved_cs_results         = @@character_set_results */;
/*!50001 SET @saved_col_connection     = @@collation_connection */;
/*!50001 SET character_set_client      = utf8mb4 */;
/*!50001 SET character_set_results     = utf8mb4 */;
/*!50001 SET collation_connection      = utf8mb4_0900_ai_ci */;
/*!50001 CREATE ALGORITHM=UNDEFINED */
/*!50013 DEFINER=`root`@`localhost` SQL SECURITY DEFINER */
/*!50001 VIEW `place_view` AS select `points_view`.`year` AS `year`,`points_view`.`country` AS `country`,row_number() OVER (PARTITION BY `points_view`.`year` ORDER BY `points_view`.`points` desc )  AS `place` from `points_view` */;
/*!50001 SET character_set_client      = @saved_cs_client */;
/*!50001 SET character_set_results     = @saved_cs_results */;
/*!50001 SET collation_connection      = @saved_col_connection */;

--
-- Final view structure for view `points_view`
--

/*!50001 DROP VIEW IF EXISTS `points_view`*/;
/*!50001 SET @saved_cs_client          = @@character_set_client */;
/*!50001 SET @saved_cs_results         = @@character_set_results */;
/*!50001 SET @saved_col_connection     = @@collation_connection */;
/*!50001 SET character_set_client      = utf8mb4 */;
/*!50001 SET character_set_results     = utf8mb4 */;
/*!50001 SET collation_connection      = utf8mb4_0900_ai_ci */;
/*!50001 CREATE ALGORITHM=UNDEFINED */
/*!50013 DEFINER=`root`@`localhost` SQL SECURITY DEFINER */
/*!50001 VIEW `points_view` AS select `country_votes`.`year` AS `year`,`country_votes`.`country_voted` AS `country`,sum((`country_votes`.`public_points` + `country_votes`.`jury_points`)) AS `points` from `country_votes` group by `country_votes`.`year`,`country_votes`.`country_voted` */;
/*!50001 SET character_set_client      = @saved_cs_client */;
/*!50001 SET character_set_results     = @saved_cs_results */;
/*!50001 SET collation_connection      = @saved_col_connection */;

--
-- Final view structure for view `winners_view`
--

/*!50001 DROP VIEW IF EXISTS `winners_view`*/;
/*!50001 SET @saved_cs_client          = @@character_set_client */;
/*!50001 SET @saved_cs_results         = @@character_set_results */;
/*!50001 SET @saved_col_connection     = @@collation_connection */;
/*!50001 SET character_set_client      = utf8mb4 */;
/*!50001 SET character_set_results     = utf8mb4 */;
/*!50001 SET collation_connection      = utf8mb4_0900_ai_ci */;
/*!50001 CREATE ALGORITHM=UNDEFINED */
/*!50013 DEFINER=`root`@`localhost` SQL SECURITY DEFINER */
/*!50001 VIEW `winners_view` AS select `a`.`year` AS `year`,`a`.`country` AS `winner` from (select `place_view`.`year` AS `year`,`place_view`.`country` AS `country`,`place_view`.`place` AS `place` from `place_view`) `a` where (`a`.`place` = 1) */;
/*!50001 SET character_set_client      = @saved_cs_client */;
/*!50001 SET character_set_results     = @saved_cs_results */;
/*!50001 SET collation_connection      = @saved_col_connection */;
/*!40103 SET TIME_ZONE=@OLD_TIME_ZONE */;

/*!40101 SET SQL_MODE=@OLD_SQL_MODE */;
/*!40014 SET FOREIGN_KEY_CHECKS=@OLD_FOREIGN_KEY_CHECKS */;
/*!40014 SET UNIQUE_CHECKS=@OLD_UNIQUE_CHECKS */;
/*!40101 SET CHARACTER_SET_CLIENT=@OLD_CHARACTER_SET_CLIENT */;
/*!40101 SET CHARACTER_SET_RESULTS=@OLD_CHARACTER_SET_RESULTS */;
/*!40101 SET COLLATION_CONNECTION=@OLD_COLLATION_CONNECTION */;
/*!40111 SET SQL_NOTES=@OLD_SQL_NOTES */;

-- Dump completed on 2021-12-20 18:29:29
